default_code,name,standard_price,list_price
1001010100101,2.4 D SEL D'AMINE EN VRAC,1,11765
1001010100102,2 4 D SEL D AMINE BD 20 L,1,233500
1001010200101,GLYPHOSATE EN L,1,10000
1001010300101,CHLORATE DE SOUDE EN VRAC,1,7500
1001020100101,AGRIMETHRINE 25 EC  EN VRAC,1,22000
1001020100102,AGRIMETHRINE 25  EC FLC 1L,1,23375
1001020100103,AGRIMETHRINE 24 EC FLC 250 ML,1,7894
1001020100201,DELTAGRI 25 EC EN VRAC,1,24375
1001020100202,DELTAGRI 25EC EN FL 1L,1,25000
1001020100203,DELTAGRI 25 EC EN FLC 250 ML,1,11512
1001020100301,AKITO EN VRAC,1,0
1001020100302,AKITO EN FL DE 04L,1,143200
1001020100303,AKITO FLC 250 ML,1,9000
1001020100401,ENDOSOL AGRISULFAN 35 EC,1,22500
1001020100402,ENDOSOL FLC 1L,1,23750
1001020100403,ENDOSOL FL 250ML,1,6500
1001020100404,THIODAN EN VRAC,1,28286
1001020100501,ANACONDA  EC EN VRAC,1,36980
1001020100502,ANACONDA EC FLC 1L,1,37638
1001020100503,ANACONDA EC FLC 250 ML,1,10010
1001020100601,PYRIBAN 48 EC EN VRAC,1,28772
1001020100602,PYRIBAN 48 EC FLC 1L,1,29458
1001020100701,MALABAR 500 EC FL 1L,1,13750
1001020200101,GAZDIM 400 EC FL 1L,1,15300
1001020200201,MORTAK 1.8% EC FLC 500ML,1,11750
1001020300101,ITH INSECTICIDE EN VRAC,1,8400
1001020300102,ITH SHT 250G,1,2117
1001020300103,ITH SHT 2KG,1,16445
1001020300201,PYRIBAN 10%,1,8500
1001020300202,PYRIBAN 10G SHT 2KG,1,18000
1001020300301,CARBOFURAN EN KG,1,18000
1001020400101,SEMHO TL SAC DE 25KG,1,312500
1001020400102,SEMHO TL SHT 50G,1,1100
1001020400103,SEMHO TL EN KG,1,18155
1001020400104,SEMHO TL SHT 1K,1,18500
1001020500101,ANACONDA 134 ULV,1,17400
1001020500201,DECASYN ULV,1,0
1001020500301,DECIS ULV 17.5 - BD 25L,1,735685
1001020500401,IMIDOR ULV,1,0
1001030100101,BOUILLIE BORDELAISE EN VRAC,1,18750
1001030100102,BOUILLIE BORDELAISE 500G,1,10500
1001030100201,CUPROFIX  SAC  10KG,1,210000
1001030100202,CUPROFIX SHT 250G,1,5500
1001030100203,CUPROFIX SHT 50G,1,720
1001030100301,PENNCOZEB EN VRAC,1,17500
1001030100302,PENNCOZEB SHT 500G,1,6250
1001030100303,PENNCOZEB SHT 250G,1,3250
1001030100304,PENNCOZEB SHT 125 G,1,1608
1001030100305,PENNCOZEB SHT 30G,1,544
1001030100401,IPROZEB EN VRAC,1,13625
1001030100501,MICROTHIOL EN VRAC,1,7250
1001030100502,MICROTHIOL BTE 1KG,1,8125
1001030100601,THIRAME 80% (Pomarasol forte),1,14650
1001030100602,THIRAME 80% BTE 500G,1,8500
1001030100701,CAPTANE WP 83% EN VRAC,1,6250
1001030100702,CAPTANE WP 83% BTE 600G,1,13800
1001030200101,CONZA 5% HEXACONI EC EN L,1,15223
1001030200102,CONZA BD 1L,1,18750
1001030200103,CONZA 5 EC FLC 30ML,1,2400
1001040100101,FLUIDOSOUFRE EN VRAC,1,8750
1001040200101,AGRISTICK EN VRAC,1,6900
1001040200102,AGRISTICK BD 1KG,1,8500
1001040300101,LIMOXYL  EN VRAC,1,15500
1001040300102,LIMOXYL BTE 400G,1,9000
1001040400101,ACCOTAB 330EC EN L,1,22257
1001050100101,NPK 15 15 15 EN KG,1,2780
1001050100201,COMPO-FLORANID BTE 600G,1,4090
1001050100202,COMPO-FLORANID EN VRAC,1,3590
1001050100301,DAP EN KG,1,2000
1001050100302,DAP SAC  50KG,1,95000
1001050100401,NPK 11 22 16 EN KG,1,2000
1001050100501,BLAUKORN EN VRAC,1,3000
1001050100502,BLAUKORN SHT 1KG,1,4625
1001050100503,BLAUKORN SHT 2.5KG,1,11250
1001050100601,PHOSPHATE BICALCIQUE,1,1869
1001050100701,SICOFERT  121217 2MGOEN KG,1,2680
1001050100801,SICOFERT OLIGO EN KG,1,2880
1001050200101,UREE AGRIVET EN KG,1,1400
1001050200201,UREE SICOFERT EN KG,1,1800
1001050200301,DOLOMIE AGRICOLE SAC DE 50K,1,7800
1001050200401,PHOSPHATE DES ILES BARREN SAC 50K,1,21000
1001050200501,BORACINE EN VRAC,1,2350
1001050200601,CHLORURE DE POTASSE SAC DE 50KG,1,70000
1001050200701,SUPERPHOSPHATE TRIPLE EN SAC,1,56914
1001050200702,SUPERPHOSPHATE TRIPLE EN VRAC,1,1173
1001060100101,ATOMISEUR A DOS SOLO 423,1,3000000
1001060100201,TETE PULVERISATEUR 1L  SPRING,1,4625
1001060100301,TETE PULVERISATEUR FLORALIS,1,19875
1001060100401,BOUCLIER AVEC BUSE REF 4400430,1,31603
1001060100501,CLOCHE DESHERBAGE  DE PROTECTION,1,21000
1001060100601,PULVERISATEUR 15 L SOLO 425,1,275000
1001060100701,PULVERISATEUR 5L SOLO 456,1,125000
1001060100801,PULV A DOS 18 L OLYMPIA,1,85000
1001060100901,PULV PAOMPY 16L,1,50000
1001060101001,PULV PAOMPY 5L,1,18750
1001060101101,POUDREUSE A DOS DIABLO,1,170000
1001060101201,TRONCONNEUSE 645,1,1052480
1001060101301,TRONCONNEUSE 651 SP S/S GUIDE CH,1,865665
1001060200101,MINI TRACTEUR 404 AVEC OPTION 40CV,1,19400000
1001060200201,ROTAVATOR 50CV,1,1900000
1001060200301,CHARRUE A DISQUE 30CV,1,2800000
1001060200401,CHARRUE A DISQUE 40CV,1,3640000
1001060200501,CHARRUE A DISQUE 50CV,1,3200000
1001060200601,CHARRUE A SOC 30CV,1,700000
1001060200701,CHARRUE A SOC 40CV,1,700000
1001060200801,CHARRUE A SOC 50CV,1,1800000
1001060200901,MINI TRACTEUR 404 SANS OPTION 40CV,1,18000000
1001060201001,MINI TRACTEUR 304 AVEC OPTION 30CV,1,16400000
1001060201101,MINI TRACTEUR 504 AVEC OPTION 50CV,1,26000000
1001060201201,MOTOCULTEUR DF12 12CV,1,3000000
1001060201301,MOTOCULTEUR DF15 15CV,1,3600000
1001060201401,MOTOCULTEUR DF 201 20CV,1,4400000
1001060201501,ROTAVATOR 30 CV,1,1700000
1001060201601,ROTAVATOR 40CV,1,2300000
1001060300101,DEMI MASQUE SANAIR PLUS,1,97500
1001060300201,MASQUE JETTABLE PESTICIDE OGVO,1,10750
1001060300301,MASQUE ANTIPOUSSIERE BTE DE 50,1,10000
1001060300401,MASQUE ANTIPOUSSIERE PIECE,1,1000
1001060300501,FILTRE A1E1B1,1,16815
1001060300601,FILTRE A1E1B1E1P2,1,24208
1001060300701,GANT LATEX JETABLES BTE DE 50,1,33325
1001060300801,GANT NITRITE PAIRE,1,10675
1001060300901,GANT LATEX SUPPORT COTON PAIRE,1,12538
1001060301001,GANT NORMAL 27CM SHT LA PAIRE,1,11413
1001060301101,GANT NORMAL 40CM SHT LA PAIRE,1,17000
1001060301201,LUNETTE A SERRE TETE BOLE BTE DE 5 PAIRES,1,41088
1001070100101,BAYFEROX ROUGE 222 EN VRAC,1,0
1001070100201,KAOLIN EN VRAC,1,510
1001070100301,COLORANT BASIQUE BLEU EN KG,1,0
1001070100401,CHLORPYRIPHOS TC EN KG,1,0
1001070100501,LINDANE TECHNIQUE 99.5% EN VRAC,1,77220
1001080100101,GAZON KIKUYU MAYFORD SHT 500 GR,1,120000
1001080100102,GAZON KIKUYU MAYFORD SHT 25 GR,1,7000
1001080100103,GAZON KIKUYU MAYFORD  EN VRAC,1,220000
1001080100104,GAZON KIKUYU  MAYFORD SHT 10 GR,1,3500
1001080100105,GAZON KIKUYU MAYFORD SHT 200 GR,1,52000
1001080100201,GAZON ALL SEASONS EVERGREEN SHAT 1KG,1,0
1001080100202,GAZON ALL SEASONS EVERGREEN SHT 500GR,1,0
1001080200100,ALYSSUM CARPET OF SNOW GM,1,4934
1001080200200,MARIGOLD LEMON DROPS GM,1,2760
1001080200300,MARIGOLD PETITE MIX GM,1,4934
1001080200400,MARIGOLD SUNSET GIANT GM,1,2760
1001080200500,NASTURTIUM CLIMBING TALL GM,1,4934
1001080200600,NASTURTIUM DWARF GEM GM,1,4934
1001080200700,PETUNIA BEDDING FINEST MIXED PM,1,1600
1001080200800,BORDER AND BALCONY GM,1,4934
1001080200900,SNAPDRAGON MAGIC CARPET PM,1,2800
1001080201000,SNAPDRAGON TETRAGIANT MIX PM,1,3500
1001080201100,SNAPDRAGON UNIVERSITY OF CALIF PM,1,2800
1001080201200,SPRING AND SUMMER MIX GM,1,2760
1001080201300,SUNFLOWER ALEXANDRA PM,1,1600
1001080201400,SUNFLOWER LEMON PM,1,1600
1001080201500,SUNFLOWER ORIT PM,1,1600
1001080201600,ZINNIA CACTUS FLOWERED PM,1,3500
1001080201700,ZINNIA GIANT DAHLIA PM,1,3500
1001080201800,ZINNIA GIANT OF CALIF PM,1,3500
1001080201900,COSMOS PICOTEE PM,1,2800
1001080202000,ZINNIA GIANTS OF CALI MIX GM,1,2760
1001080202100,ZINNIA SUNBOW DWART PM,1,3500
1001080202200,SWEET PEAS EARLY MULTIFLORA SUSIE PM,1,3500
1001080202300,SWEET PEAS EARLY MULTIFLORA WHITE PM,1,3500
1001080202400,SWEET PEAS KNEE HI DWARF PM,1,2800
1001080202500,SWEET WILLIAM DOUBLE MIXED PM,1,3500
1001080202600,SWEET WILLIAM SINGLE MIXED PM,1,3500
1001080202700,SCABIOUS MIXED DOUBLE TALL PM,1,3500
1001080202800,STOCKS COLUMN NON BRANCHING PM,1,2800
1001080202900,COSMOS POLIDOR GM,1,2760
1001080203000,STOCKS TEN WEEKS PM,1,2800
1001080203100,STOCKS GIANT IMPERIAL PM,1,2800
1001080203200,SWEET PEAS EARLY MULTIFLORA CHLOE PM,1,2800
1001080203300,SWEET PEAS EARLY MULTIFLORA MINNIE PM,1,3500
1001080203400,SWEET PEAS EARLY MULTIFLORA GRACE PM,1,3500
1001080203500,SWEET PEAS EARLY MULTIFLORA MIXED PM,1,2800
1001080203600,CLARKIA ELEGANS FINEST MIXED PM,1,2800
1001080203700,COLEUS SUPERFINE MASTER BLEND PM,1,3500
1001080203800,CORNFLOWER POLKA DOT PM,1,2800
1001080203900,CORNFLOWER SPECIAL FLORIST MIXTURE PM,1,2800
1001080204000,COSMOS POLIDOR PM,1,3500
1001080204100,DELPHINIUM PACIFIC GIANT PM,1,2800
1001080204200,DIANTHUS SINGLE MIXED PM,1,3500
1001080204300,FOXGLOVE EXCELSIOR MIXED PM,1,2800
1001080204400,ICELAND POPPY ARTIST GLORYPM,1,2800
1001080204500,ICELAND POPPY MEADOW BRITES PM,1,2800
1001080204600,ICELAND POPPY MEADOW PASTELS PM,1,2800
1001080204700,LARKSPUR IMPERIAL GIANTS PM,1,2800
1001080204800,LINARIA FAIRY BOUQUET PM,1,2800
1001080204900,LOBELIA CRYSTAL PALACE PM,1,3500
1001080205000,LUPIN GIANT KING PM,1,2800
1001080205100,COSMOS SENSATION GM,1,2760
1001080205200,MESEMBRYANTHEMUM LIVINGSTONE DAISY MIXED PM,1,2800
1001080205300,NEMESIA DWARF MIXED PM,1,3500
1001080205400,PANSY DREAM GIANT PM,1,2800
1001080205500,PANSY SUPER SWISS GIANTS PM,1,1600
1001080205600,PHLOX BEAUTY MIXED PM,1,2800
1001080205700,ALYSSUM CARPET OF SNOW PM,1,3500
1001080205800,ALYSSUM ROYAL CARPET PM,1,2800
1001080205900,ALYSSUM VIOLET QUEEN PM,1,2800
1001080206000,AMARANTHUS MOLTEN FIRE PM,1,3500
1001080206100,ASTER COLOR CARPET PM,1,3500
1001080206200,COSMOS SENSATION PM,1,3500
1001080206300,ASTER EARLY BEAUTY DOUBLE MIXED PM,1,2800
1001080206400,ASTER PINOCCHIO MIX PM,1,3500
1001080206500,ASTER SUPER GIANTS PM,1,2800
1001080206600,CALENDULA FIESTA GITANA PM,1,3500
1001080206700,CALENDULA PACIFIC BEAUTY PM,1,3500
1001080206800,CAMPANULA CUP  ET SAUCER PM,1,2800
1001080206900,CELOSIA CRISTATA DWARF MIXED PM,1,2800
1001080207000,CELOSIA PLUMOSA TALL MIXED PM,1,2800
1001080207100,CINERARIA PERFECTA LARGE FLOWERED PM,1,3500
1001080207200,CELOSIA RED FOX PM,1,2800
1001080207300,DAHLIA UNWINS HYBIRD MIXED PM,1,2800
1001080207400,STATICE NEW ART SHADES PM,1,2800
1001080207500,SEMENCES RAY GRASS EN KG,1,4400
1001080207600,CINERARIA DWARF MIXED PM,1,0
1001080207700,COLEUS RIANBOW MIXED PM,1,0
1001080207800,NEMESIA COMPACTA GRANDIFLORA PM,1,0
1001080207900,PHLOX DRUMMONDI DWARF MIXED PM,1,0
1001080208000,ESCHOLTZIA GM,1,2760
1001080300101,CHOU DE CHINE WONG BOK BTE 100 G,1,9215
1001080300201,CHOU DE COPENHAGUE BTE 100 G,1,17000
1001080300202,CHOU DE COPENHAGUE BTE 500 G,1,37500
1001080300203,CHOU DE COPENHAGUE BTE 50GR,1,5625
1001080300303,CHOU DRUMHEAD BTE 500G,1,35000
1001080300401,CHOU DE CHINE PACK CHOI BTE 100 G,1,14950
1001080300501,OIGNON ROUGE CREOLE BTE 500 G,1,88000
1001080300601,OIGNON ROUGE DE TANA BTE 500 G,1,125000
1001080300701,OIGNON VIOLET DE GALMI BTE 500 G,1,71300
1001080300801,POIREAU GROS LONG D'ETE BTE 500 G,1,50000
1001080300901,TOMATE ROMA VF BTE 100 G,1,15000
1001080300902,TOMATE ROMA VF BTE 250 G,1,34160
1001080301001,CAROTTE TOUCHON BTE 100 G,1,9200
1001080301101,CAROTTES NANTES BTE 500G,1,44000
1001080301200,AUBERGINE FLORIDA MARKET PM,1,1600
1001080301300,AUBERGINE BLACK BEAUTY PM,1,2800
1001080301400,CHOU DE CHINE WONG BOK PM,1,2800
1001080301500,CHOU DRUMHEAD GM,1,2760
1001080301600,CHOU DRUMHEAD PM,1,2800
1001080301700,CHOU FLEUR WALLABY PM,1,2800
1001080301800,CHOU FLEUR SNOW BALL PM,1,2800
1001080301900,CIBOULETTE WHITE WELSH PM,1,3500
1001080302000,CIVES GARLIC PM,1,3500
1001080302100,CIVES PM,1,2800
1001080302200,BETTERAVE CRIMSON GLOBE PM,1,3500
1001080302300,BETTERAVE CRIMSON GLOBE GM,1,2760
1001080302400,BETTERAVE DETROIT DARK RED PM,1,2800
1001080302500,CONCOMBRE SWEET CRUNCH PM,1,2800
1001080302600,HARICOT VERT TONGATI GM,1,2760
1001080302700,HARICOT VERT TONGATI PM,1,2800
1001080302800,LAITUE DUAL PURPOSE PM,1,2800
1001080302900,LAITUE ELISA PM,1,2800
1001080303000,LAITUE LITAL PM,1,1600
1001080303100,LAITUE RED POEM PM,1,1600
1001080303200,LAITUE VENEZA ROXA PM,1,2800
1001080303300,LAITUE VERA PM,1,2800
1001080303400,MELON HALES BEST PM,1,2800
1001080303500,MUSTARD BROADLEAF FLORIDA PM,1,1600
1001080303600,NAVET EARLY PURPLE GM,1,2760
1001080303700,NAVET EARLY PURPLE TOP GLOBE PM,1,2800
1001080303800,OIGNON RED CREOLE PM,1,2800
1001080303900,OIGNON TEXAS GRANO 502 GM,1,2760
1001080304000,OIGNON F1HYBRIDE SIVAN PM,1,1600
1001080304100,PASTEQUE ALLSWEET PM,1,2800
1001080304200,PERSIL GEANT D'ITALIE SHT 5 G,1,1600
1001080304300,PERSIL MOSS CURLED PM,1,2800
1001080304400,PERSIL PLAIN PM,1,2800
1001080304500,PETIT POIS GREENFEAST FOIL GM,1,2760
1001080304600,PETIT POIS GREENFEAST PM,1,2800
1001080304700,POIREAU CARENTAN PM,1,2800
1001080304800,CAROTTE CHANTENAY KAROO GM,1,4934
1001080304900,CAROTTE CHANTENAY KAROO PM,1,2800
1001080305000,CAROTTE KURODA PM,1,2800
1001080305100,CAROTTE NANTES PM,1,2800
1001080305200,CAROTTE LITTLE FINGER PM,1,2800
1001080305300,RADIS CERISE SHT 8 G,1,1600
1001080305400,RADIS RED SILK PM,1,2800
1001080305500,RADIS WHITE ICICLE PM,1,2800
1001080305600,RADIS SPARKLER PM,1,2800
1001080305700,SWISS CHARD FORDHOOK GIANT GM,1,2760
1001080305800,SWISS CHARD FORDHOOK GIANT PM,1,1600
1001080305900,TOMATE FLORADADE PM,1,2800
1001080306000,TOMATE ROMA VF PM,1,3500
1001080306100,TOMATE CERISE PM,1,2800
1001080306200,COURGETTE CASERTA PM,1,2800
1001080306300,COURGETTE BARBARA PM,1,2800
1001080306400,EPINARD VIROFLAY PM,1,2800
1001080306500,TISSAM TENDER GREEN PM,1,2800
1001080306600,CORIANDRE PM,1,2800
1001080306700,PIMENT RAJAH PM,1,2800
1001080306800,PIMENT DOOMSDAY PM,1,1600
1001080306900,MELON HYBRIDE F1CROWN PRINCE PM,1,2800
1001080307000,CHOU DE CHINE EXPRESS PM,1,2800
1001080307100,CHOU DE CHINE CHILILI PM,1,2800
1001080307200,CHOU DE CHINE PACKCHOI SHANGAI PM,1,2800
1001080307300,POIVRON MAOR PM,1,2800
1001080307400,POIVRON CALIFORNIA  WONDER PM,1,1600
1001080307500,POIVRON GRANDE RIO PM,1,1600
1001080307600,CELERI UTAH PM,1,2800
1001080307700,BROCOLLI GREEN VALIANT PM,1,2800
1001080307800,BASILIC PM,1,2800
1001080307900,THYM PM,1,2800
1001080308000,CHOU DE CHINE WONGBOK MINI,1,600
1001080308100,CHOU GIANT DRUMHEAD MINI,1,600
1001080308200,CAROTTE CAPE MARKET MINI,1,600
1001080308300,TOMATE JAMPAKT PM,1,2800
1001080308400,BETTERAVE CRIMSON GLOBE MINI,1,600
1001080308500,CHOU GLORY MINI,1,600
1001080308600,CHOU DE CHINE CHIHILILI MINI,1,600
1001080308700,TOMATE RODADE PM,1,2800
1001080308800,NAVET EARLY PURPLE TOP GLOBE MINI,1,600
1001090100001,ACCESSOIRE DE LA PIECE REF 4800177,1,658
1001090100002,COLLIER REF 0066416,1,757
1001090100003,COLLIER REF 0066439,1,10663
1001090100004,COLLIER REF 0073350,1,3947
1001090100005,COLLIER REF 7043732,1,10663
1001090100006,COLLIER STOP REF 4800177,1,56500
1001090100007,COULISSE REF 2074406,1,3076
1001090100008,COUTEAU HELICE REF 5043361,1,10361
1001090100009,ECROU DE RACCORD REF 4074336,1,2179
1001090100010,ECROU DE RACCORD REF 4074337,1,2179
1001090100011,ECROU DE RACCORD REF 4074338,1,2179
1001090100012,ACCROCHE REF 407483325,1,2260
1001090100013,ECROU REF 0020102,1,724
1001090100014,ECROU REF 0020122,1,882
1001090100015,ECROU REF 0020160,1,1037
1001090100016,ECROU REF 0028121,1,1037
1001090100017,ECROU REF 21257,1,1650
1001090100018,FIL DE CUIVRE REF 0043105,1,4567
1001090100019,FILTRE REF 0061157,1,1645
1001090100020,GOUPILLE REF 0055267,1,1086
1001090100021,GOUPILLE REF 0073364,1,1037
1001090100022,GRILLE A DIFF LARGE REF 4074721,1,7771
1001090100023,AXE REF 4031392,1,2072
1001090100024,LANCE FLAMME,1,62163
1001090100025,PIECE DE CONNECTION REF 4074740,1,9325
1001090100026,PIECE DE SERRAGE REF 4074747,1,3367
1001090100027,PIECE GIRATOIRE REF 40 74 756,1,1661
1001090100028,POMPE ADDITIONNELLE,1,155406
1001090100029,PORTE BRETELLE REF 4074412,1,10361
1001090100030,RESSORT DE PRESSION REF 0070259,1,2072
1001090100031,RESSORT DE RAPPEL REF 2600265,1,23023
1001090100032,RESSORT PLAT REF 4074711,1,1555
1001090100033,RESSORT REF 0073385,1,2368
1001090100034,BOUCHON REF 4074282,1,3811
1001090100035,RONDELLE REF 0030131,1,908
1001090100036,RONDELLE REF 0031356,1,777
1001090100037,RONDELLE REF 0034114,1,2030
1001090100038,RONDELLE REF 0034196,1,1462
1001090100039,RONDELLE REF 0072148,1,1398
1001090100040,RONDELLE REF 0072165,1,1398
1001090100041,RONDELLE SANS REF,1,1053
1001090100042,SEGMENT REF 2048116,1,17500
1001090100043,TUBE REF 4074251,1,20392
1001090100044,VIS BOUCHON REF 4074962,1,1184
1001090100045,BOUCHON REF 4074346,1,3811
1001090100046,VIS REF 0010146,1,2140
1001090100047,VIS REF 0010165,1,1813
1001090100048,VIS REF 0010557,1,1813
1001090100049,VIS REF 0012185,1,1813
1001090100050,VIS REF 0018275,1,1211
1001090100051,VIS REF 0018348,1,2500
1001090100052,VIS REF 0018394,1,974
1001090100053,VIS REF 0020106,1,778
1001090100054,VIS T6P REF 3012166,1,1555
1001090100055,VIS TC REF  00 11 274,1,1211
1001090100056,BOUCHON REF 4200215,1,3092
1001090100057,POCHETTE ROBINET D ARRET REF 0610402,1,22500
1001090100058,RESSORT DE PRESSION REF 0070260,1,4625
1001090100059,LEVIER REF 4074262,1,15000
1001090100060,COIFFE PROTECTRICE REF 40767725,1,5060
1001090100061,TUYAU6X1  REF 0064363,1,11200
1001090100062,RONDELLE ELASTIQUEB6 REF0034107,1,2030
1001090100063,BRIDE D ISOLATION REF 2074616,1,4800
1001090100064,ROULEMENT A BILLE REF 0050183,1,56250
1001090100065,ROULEMENT A BILLE REF0050102,1,31250
1001090100066,COUSSIN DORSAL 41242 REF0098133,1,46500
1001090100067,COLLIER DE SERRAGE REF 0066178,1,4605
1001090100068,ECROU DE RESERVOIR 42REF 4074265,1,15300
1001090100069,BOUCHON DE RACCORDEMENT REF 4074271,1,4400
1001090100070,VIS TORXM5X50 REF00112274,1,2590
1001090100071,COLLIER REF0066444,1,8300
1001090100072,COUDE DE SOUFFLERIE REF 4073140,1,31500
1001090100073,MANCHON DE SORTIE REF 4074266,1,6600
1001090100074,KIT TUBE DE SOUFFLERIE REF 4900116,1,100000
1001090100075,COLLIER REF 00 66 324,1,8534
1001090100076,COLLIER REF 00 66 399,1,10663
1001090100077,ACCESSOIRE POUDRAGE SANS REF,1,23309
1001090100078,BIELLE AVEC TETON REF 40 74 408,1,4000
1001090100079,BIELLE SANS TETON REF 40 74 409,1,4000
1001090100080,BUSE D'ATOMISEUR REF 40 73 141,1,19375
1001090100081,BUSE REF 4073232,1,15200
1001090100082,BUSE ULV 4900479,1,91000
1001090100083,COUDE DE SOUFFLERIERE 4073140,1,21953
1001090100084,COUDE RAMPE BUSE REF 4900514,1,8807
1001090100085,COUVERCLE FILTRE A AIR REF 2073500,1,3863
1001090100086,CYLINDRE REF 2200935,1,225955
1001090100087,DOUILLE DE DOSAGE REF 4074165,1,5592
1001090100088,ACCESSOIRE POUDRAGE/TUBE ATOMISEUR,1,16302
1001090100089,TAMIS METTALLIQUE 4200100 (ENTONNOIR REF 4200166,1,31250
1001090100090,ENTONNOIR TAMIS REF 4200153,1,16445
1001090100091,TAMIS 4074922 (FILTRE TAMIS REF 4074922,1,6875
1001090100092,GICLEUR A JET PLAT REF 40 74 263,1,9375
1001090100093,JOINT BAGUE REF 0062235,1,1462
1001090100094,JOINT D'ADMISSION REF 2061127,1,6100
1001090100095,JOINT DE CYLINDRE REF 20 61 113,1,5700
1001090100096,JOINT D'ECHAPPEMENT REF 2061140,1,5700
1001090100097,LEVIER REGULATEUR REF 4073623,1,9867
1001090100098,MANCHETTE POUR 7.5 L REF 4400202,1,7608
1001090100099,BRETELLE CROCHET REF 43 00 334,1,12868
1001090100100,MANCHETTE REF 4063143,1,13800
1001090100101,MANCHETTE VITON REF 4400189,1,27500
1001090100102,MANOMETRE REF 0065136,1,103604
1001090100103,POIGNEE DE LANCEUR REF 2074403,1,5093
1001090100104,RALLONGE EN LAITON 1.5 REF 4900528,1,42042
1001090100105,RALLONGE REF 4074324,1,6217
1001090100106,RAMPE DE PUL AVEC 2 BUSES  REF 4900514,1,31246
1001090100107,RAMPE RALLONGE REF 4900391,1,21379
1001090100108,RESERVOIR REF 2700318,1,92471
1001090100109,ROBINET D'ESSENCE REF 2700340,1,23829
1001090100110,BRETELLE REF 4300329,1,20267
1001090100111,TETE PULVERISATEUR 0.6 ML,1,3947
1001090100112,TUBE POUDRAGE REF 4065137,1,38000
1001090100113,TUYAU D'EVACUATION REF 4071199,1,21300
1001090100114,TUYAU PRESSION COMPLET REF 4200261,1,43415
1001090100115,TUYAU REF 0064138,1,93959
1001090100116,TUYAU REF 0064234,1,19125
1001090100117,TUYAU SOUPLE REF 4400136,1,82000
1001090100118,TUYAU SOUPLE REF 4400156,1,82000
1001090100119,LANCE 50 M AVEC BUSE REF 4900439,1,35035
1001090100120,POIGNEE ROBINET REF 4900440,1,34320
1001090100121,COUSSIN D'EPAULES REF 4074570,1,921
1001090100122,POMPE A LIQUIDE REF 4400117,1,169000
1001090100127,KIT DE RECHANGE PULV A PRESSION,1,13450
1001090100128,KIT DE RECHANGE PULV A DOS,1,17675
1001090100129,LANCE PUNTO,1,20663
1001090100130,RALLONGE EN  ALU 50 CM AVEC RACCORD,1,7213
1001090100131,TUYAU  RALLONGE REF 4900391,1,31250
1001090100132,COUSSINET ATOMISEUR REF 0098133,1,7771
1001090100133,COUVERCLE REF 4200252,1,45000
1001090100134,LEVIER DE POMPE REF 4800173,1,43750
1001090100135,ROBINET D ARRET REF 4800170,1,50000
1001090100136,MANOMETRE REF 4900356,1,37500
1001090100137,TUBE D ATOMISEUR 423 REF4400108,1,38000
1001090100138,COUSSINET REF 4074657,1,3117
1001090100139,DISPOSITIF POUDRAGE REF 4900233,1,107000
1001090100140,DISPOSITIF ULV,1,155406
1001090100141,ACCESSOIRE LANCEUR,1,7722
1001090100142,CAPUCHON REF 4074905,1,4934
1001090100143,CARBURATEUR REF 2300558,1,275000
1001090100144,CARTER ALLUMAGE REF 2100450,1,35278
1001090100145,CARTER LANCEUR REF 2100481,1,24587
1001090100146,CLIQUET LANCEUR REF 2074369,1,1678
1001090100147,CORDE LANCEUR REF 0063176,1,13669
1001090100148,CORPS DE CLAPET REF 4074988,1,1754
1001090100149,CORPS DE POMPE REF 4400240,1,72500
1001090100150,KIT DE REPARATION,1,75000
1001090100151,POULIE DE LANCEUR REF 2074345,1,18649
1001090100152,BOUGIE REF 2300101,1,7565
1001090100153,VOLANT ELECTRONIQUE REF 2300487,1,157215
1001090100154,VOLANT ELECTRONIQUE REF 2300752,1,157215
1001090100155,CABLE DE LANCEUR REF 006317825,1,19000
1001090100156,LANCEUR COMPLET 423 REF 2600262,1,140000
1001090100157,BOBINE ELECTRONIQUE REF2300487,1,200000
1001090100158,RESSORT DE CONTACT REF 0073347,1,2030
1001090100159,CAPUCHON DE BOUGIE REF 0084621,1,10500
1001090100160,BOUGIE REF 2300730,1,7743
1001090100161,CABLE ACCELERATEUR REF 2800559,1,50000
1001090100162,CABLE REF 0084544,1,15000
1001090100163,CAPUCHON REF 40 74 318,1,982
1001090100164,CAPUCHON DE BOUGIE REF  0084600,1,6499
1001090100165,CAPUCHON DE GLICEUR REF 4074755,1,1661
1001090100166,CAPUCHON REF 4074352,1,1816
1001090100167,JOINT REF 0062165,1,3500
1001090100168,JOINT TORIQUE REF 0061283,1,842
1001090100169,JOINT TORIQUE REF 0062119,1,1119
1001090100170,JOINT TORIQUE REF 0062208,1,842
1001090100171,JOINT TORIQUE REF 0062258,1,842
1001090100172,JOINT TORIQUE REF 0062263,1,3824
1001090100173,JOINT TORIQUE REF 0062267,1,4800
1001090100174,JOINT REF 0062291,1,4750
1001090100175,POCHETTE DE JOINT REF 49 00 441,1,18090
1001090100176,POCHETTE DE JOINT REF 49 00 442,1,31250
1001090100177,JOINT TORIQUE REF 0062146,1,3375
1001090100178,JOINT REF 0062212,1,1596
1001090100179,JOINT BOUCHON REF 4074350,1,5625
1001090100180,JOINT TORIQUE REF 0062106,1,3875
1001090100181,POCHETTE REF 06110402,1,20000
1001090100182,JOINT DE SOUPAPE REF 4061257,1,11000
1001090100183,JOINT TORIQUE 22X3 REF 0062139,1,2300
1001090100184,JOINT TORIQUE 46X3 REF0062140,1,3125
1001090100185,JOINT TORIQUE 20X1,1,2200
1001090100186,JOINT REF 0062264,1,1814
1001090100187,JOINT REF 0062280,1,6875
1001090100188,JOINT REF 2061336,1,5000
1001090100189,JOINT REF 2061441,1,2763
1001090100190,JOINT REF 2061478,1,3898
1001090100191,JOINT TORIQUE REF 00 62 115,1,842
1001090100192,JOINT TORIQUE REF 00 62 248,1,3500
1001090100193,FILTRE A AIR REF 2048348,1,3689
1001090100194,MOTEUR POUR NEBULO REF 220/230,1,332610
1001090100195,PISTON DE SOUPAPE REF 4074665,1,100150
1001090100196,PISTON REF 20 00 265,1,100150
1001090100197,PISTON REF 2200111,1,85514
1001090100198,SOUPAPE D'ADMISSION REF 2012140,1,33412
1001090100199,SOUPAPE DE SURPRESSION REF 4900512,1,3627
1001090100200,SOUPAPE REF 00 94 308,1,2849
1001090100201,TOURILLON DE GUIDAGE REF 4074250,1,3109
1001090100202,CYLINDRE REF 4400168,1,53750
1001090100203,POMPE A PISTON COMPLET REF 4400203,1,168750
1001090100204,FILTRE A AIR REF 2500570,1,61500
1001090100205,PISTON REF 4073558,1,30000
1001090100206,CARTER DE SOUFFLERIE REF 4409232,1,166000
1001090100207,CARTER DE SOUFFLERIE REF 4400236,1,165000
1001090100208,TURBINE REF 4409241,1,250000
1001090100209,INSERTION DE FILTRE REF 407492225,1,6125
1001090100210,PISTON REF 2200152,1,168750
1001090100211,FILTRE A AIR REF 7600003,1,41442
1001090100212,ARRET D'AXE PISTON REF 00 55 122,1,842
1001090100213,AXE DE PISTON REF 20 31 16825,1,12951
1001090100214,AXE PISTON REF 2031124925,1,12951
1001090100215,CHEMISE REF 20 11 75 625,1,292866
1001090100216,CONE DE SOUPAPE REF 4074 656,1,6000
1001090100217,GUIDE CHAINE REF 69 00 861,1,44465
1001090100218,BOITE BOUILLIE BORDELAISE 500 G,1,377
1001090100219,CARTON CAISSE AMERICAINE FEFCO,1,400
1001090100220,CARTON POUR 25FLCS(320/320/130),1,1011
1001100100001,ETIQUETTE DELTAGRI 250 ML,1,247
1001100100002,ETIQUETTE ANACONDA EC 1L,1,94
1001100100003,ETIQUETTE ANACONDA EC 250ML,1,94
1001100100004,ETIQUETTE PYRIBAN 48EC 250ML,1,94
1001100100005,ETIQUETTE PYRIBAN 48EC 1L,1,94
1001100100006,ETIQUETTE PYRIBAN 10 G 2KG,1,94
1001100100007,ETIQUETTE CONZA 5EC250ML,1,94
1001100100008,ETIQUETTE CONZA 5EC 1L,1,94
1001100100009,ETIQUETTE AGRIMETHRINE 25EC 250 ML,1,135
1001100100010,ETIQUETTE AGRIMETHRINE 25EC 1L,1,549
1001100100011,ETIQUETTE KILLEM 1KG,1,894
1001100100012,ETIQUETTE DELTAGRI 1 L,1,247
1001100100013,ETIQUETTE AKITO250ML,1,147
1001100100014,ETIQUETTE PALI-SC 30ML,1,120
1001100100015,ETIQUETTE PALI SC 1L,1,269
1001100100016,ETIQUETTE NOVOS 1L,1,338
1001100100017,ETIQUETTE NOVOS 100ML,1,250
1001100100018,ETIQUETTE TERMIDOR 25 EC 250 ML,1,0
1001100100019,ETIQUETTE K-OHTRINE PP2 500 G JAUNE,1,84
1001100100020,ETIQUETTE K-OTHRINE MOUSTIQUAIRE,1,0
1001100100021,ETIQUETTE K-OTHRINE PP2 500 G ROUGE,1,96
1001100100022,ETIQUETTE THIODAN EC35 125 ML,1,0
1001100100023,ETIQUETTE VIROCID 0.5 L,1,290
1001100100024,ETIQUETTE ENDOSOL 35EC 1L,1,94
1001100100025,ETIQUETTE ENDOSOL 35EC 250ML,1,94
1001100200001,FLACON 100 CL AMBRE AVEC BOUCHON,1,528
1001100200002,FLACON EN VERRE 125 ML,1,326
1001100200003,FLACON PLASTIQUE 125 CC,1,246
1001100200004,FLACON PLASTIQUE 15CC,1,125
1001100300001,BOUCHON 28 BLANC,1,34.22
1001100400001,FLACON 100 ML TRANSPARENT AVEC BOUCHON BLANC,1,0
1001100500002,FLACON 1L OPAQUE AVEC COUVERCLE,1,1200
1001100600003,FLACON 1L PET TRANSPARENT AVEC BOUCHON JAUNE,1,0
1001100700004,FLACON 250ML AMBRE AVEC BOUCHON BLANC,1,439
1001100800005,FLACON 250ML VERT AVEC BOUCHON NOIR,1,475
1001100900006,FLACON 30 CC SOSIMABI,1,147
1001101000007,FLACON 30 ML SFOI,1,0
1001101100008,FLACON AVEC BOUCHON REF KANTO 100 CL BLANC,1,333
1001101200001,SACHET BLAUKORN 1 KG,1,31
1001101300002,SACHET ITH 2 KG (23 x 30 SACOPLAST),1,79
1001101400003,SACHET ITH 250 G,1,0
1001101500004,SACHET K OTOX 50GR,1,25
1001101600005,SACHET KILLEM 50 G,1,17
1001101700006,SACHET K-OTHRINE  PP2 50 G,1,25
1001101800007,SACHET K-OTHRINE PM 50 20 G,1,0
1001101900008,SACHET K-OTHRINE PM25 12 G,1,0
1001102000009,SACHET K-OTHRINE PM25 20G,1,0
1001102100010,SACHET K-OTHRINE PM25 33G,1,0
1001102200011,SACHET K-OTHRINE PP2 25 G,1,9
1001102300012,SACHET BLAUKORN 2.5 KG ( 24 X 32.5 ),1,67
1001102400013,SACHET PENNCOZEB 1 KG (15 x 32.5),1,31
1001102500014,SACHET PENNCOZEB 125 G ( 12 x15),1,11
1001102600015,SACHET PENNCOZEB 250 G,1,4
1001102700016,SACHET PENNCOZEB 30 G ( 8 x 10),1,7
1001102800017,SACHET PENNCOZEB 500 G,1,4
1001102900018,SACHET RATICIDE BARAKI 30 G,1,0
1001103000019,SACHET RATICIDE HP 100 G,1,13
1001103100020,SACHET RATICIDE HP 30GR,1,8
1001103200021,SACHET RATICIDE HP AVEC AROME,1,4.47
1001103300022,SACHET SEMHO L 50 G (8 x 12 ),1,0
1001103400023,SACHET CUPROFIX 250 G,1,10
1001103500024,SACHET SEMHO TL 50 G,1,30
1001103600025,GAINE BLEU 9 CM SACOPLAST,1,4546
1001103700026,GAINE NOIRE INTERIEURE CMV 250 G (18 cm),1,4546
1001103800027,GAINE TRANSPARENT 10 CM,1,0
1001103900028,GAINE TRANSPARENT 15 CM TOUT PLASTIQUE,1,5070
1001104000029,SAC LAMINE PP55*80,1,594
1001104100030,SAC PP60*100,1,606
1001104200031,SACHET CUPROFIX 50 G,1,10
1001104300032,SACHET EXTERIEUR SEHMO TL 40 G,1,0
1001104400033,SACHET IMPRIME 1 KG (18 x32 SACOPLAST),1,65
1001104500034,SACHET IMPRIME 5 KG (32 X 50 SACOPLAST),1,158.18
1001104600035,SACHET INTERIEUR LIMOXYL,1,65
1001104700036,SACHET INTERIEUR TRANSPARENT ( 8 x 15 ),1,156
1001110100001,PRESENTOIRE 36 CROCHET MAYFORD,1,197340
1001110100002,PRESENTOIR AVEC TREPIED,1,92092
1001110100003,PRESENTOIR MAYFORD(t?te+corps+base),1,0
1001110100004,PRESENTOIR MOUSTIQUAIRE,1,73674
1001110100005,PRESENTOIR MURAL,1,81568
1001110100006,PRESENTOIR TOURNANT MAYFORD,1,82225
1001110100007,PRESENTOIR TOURNIQUET,1,78936
1002010100101,CRESYL BIDON 5L,1,38750
1002010100102,CRESYL CONCENTRE,1,6750
1002010100201,DM CHLOR BIDON 25K,1,87135
1002010100301,DM CID S EN BD 24 KG,1,162909
1002010100401,TORNAX EN KG,1,8628
1002010100501,KENODERM EN LITRE,1,16565
1002010100601,DM FOAM S EN KG,1,5837
1002010100701,DM CHLOR EN KG,1,3485
1002010100801,BACTOPIN PLUS BIDON 5L,1,230230
1002010100901,EAU DE JAVEL BIDON DE 1L,1,1045
1002010100902,EAU DE JAVEL EN VRAC,1,700
1002010101001,EAU DE JAVEL CONCENTRE EN VRAC,1,1500
1002010101101,DETERNET  BD 1L,1,1800
1002010101102,DETERNET EN VRAC,1,1250
1002010101201,BACTOMAIN EN BIDON 1L,1,2500
1002010101202,BACTOMAIN EN VRAC,1,2250
1002010101301,ARTIC EN VRAC,1,2750
1002010101401,BACTOCID FLC 1L,1,4500
1002010101402,BACTOCID EN VRAC,1,4000
1002020100101,KNOX OUT BD 1L,1,75000
1002020100102,KNOX OUT FLC 125 ML,1,10000
1002020100103,KNOX  OUT FLC 30ML,1,3000
1002020100201,MAXFORCE SERINGUE 20 G,1,30000
1002020100301,PIEGE  ANTICAFARD JUMBO,1,6000
1002020100401,DICHLORVOS EN VRAC,1,25000
1002020100402,NOVOS FL 1L,1,30000
1002020100403,NOVOS 100 ML,1,4500
1002020100501,PALI SC BD 1L,1,56000
1002020100502,PALI SC FL 30ML,1,2000
1002020100503,PALI SC B D 5L,1,265000
1002020100601,RESPONSAR BIDON 25L,1,756050
1002020100701,K OTHRINE WG 250 SHT 20G,1,17500
1002030100101,PHOSPHIDE D'ALUMINIUM BTE 1 KG,1,82225
1002030100102,PHOSPHIDED ALUMINIUM BTE 320 CPES,1,112000
1002030100103,PHOSPHIDE D ALUMINIUM BTE 30CPED,1,9800
1002040100101,KILLEM  SUPER SHT 50G,1,6000
1002040100102,KILLEM SUPER EN KG,1,0
1002040100103,KILLEM SUPER BTE 1K,1,100000
1002040100104,KILLEM SACHET 5G,1,620
1002050100101,AEROSOL JUMBO XT FL 300ML,1,4000
1002050100102,AEROSOL JUMBO XT FL 680ML,1,6500
1002050100201,MOSQUITO COIL JUMBO BTE 10,1,600
1002050100301,PASTILLES CHARGEUR JUMBO BTE,1,3000
1002050100401,DIFFUSEUR JUMBO CORLESS,1,7500
1002050100501,LIQUIDE DIFFUSEUR JUMBO,1,6500
1002050100601,LOTION  ANTIMOUSTIQUE JUMBO 100GR,1,7000
1002050100701,MOUSTIQUAIRE BLC MILAY CONIQUE + K OTAB,1,11700
1002050100801,MOUSTIQUAIRE BLC MILAY RECTANGULAIRE + K OTAB,1,16000
1002050100901,MOUSTIQUAIRE BLEUE MILAY CONIQUE+K OTAB,1,4600
1002050101001,MOUSTIQUAIRE BLEUE MILAY RECTANGULAIRE+ K OTAB,1,4140
1002050101101,MOUSTIQUAIRE ROSE MILAY CONIQUE + K OTAB,1,4600
1002050101201,MOUSTIQUAIRE ROSE MILAY  RECT+K OTAB,1,4140
1002050101301,MOUSTIQUAIRE TOUT FAIT 145*220*180,1,0
1002050101401,MOUSTIQUAIRE VERTE 130*180*150,1,16100
1002050101501,K OTAB CPR,1,1125
1002050101601,KOTAB 123 KIT,1,5250
1002050101701,K OTAB 123 CPR KIT,1,5250
1002060100101,K OTHRINE 0.2 PP EN VRAC,1,25000
1002060100102,K OTHRINE 0.2 PP JAUNE BTE 500 G,1,14500
1002060100103,K OTHRINE 0.2 PP ROUGE BTE 500G,1,14500
1002060100104,K OTHRINE 0.2 PP SHT 50G,1,1480
1002060100105,K OTHRINE 0.2 PP SHT 25G,1,800
1002060100201,CARBARYL 5% EN KG,1,3636
1002060100301,KOTOX EN KG,1,13000
1002060100401,K OTOX SHT 50GR,1,750
1002070100101,TERMIDOR BD 5 L,1,375000
1002070100102,TERMIDOR 25 EC 250 ML,1,23000
1002080100101,RACAN BLOC  3 KG,1,32500
1002080100201,RATICIDE BARAKI BLOC HYDROFUGE SEAU 3KG,1,60000
1002080100202,RATICIDE BARAKI BTE240G,1,7000
1002080100203,RATICIDE  BARAKI BLOC 30G,1,600
1002090100101,COLLE  A RAT 135 G,1,9000
1002100100101,RATICIDE JUMBO 100GR,1,3000
1002100100201,RACAN GRANULE SHT 30G,1,400
1002100100301,RATICIDE BARAKI GRANULE SHT 30G,1,500
1002100100401,RATICIDE HP SHT  100 G,1,700
1002100100402,RATICIDE HP SHT 1 KG,1,6250
1002100100403,RATICIDE HP SHT 30 G,1,250
1002110100101,RACAN CONCENTREBD 1L,1,56000
1002110100102,CHLOROPHACIONONE EN L,1,52000
1002110100103,CHLORPHACINONE CONCENTRE EN BD 25 L,1,1289288
1002110100201,PHOSPHURE DE ZINC BTE 1KG,1,30000
1002110100202,PHOSPHURE DE ZINC EN BD DE 50KG,1,1250000
1002110100301,RATICIDE BARAKI CONCENTRE EN VRAC,1,285107
1002120100101,RACUMIN BOITE 2.5K,1,187500
1002120100102,RACUMIN SHT 100GR,1,10000
1003010100101,GLYCERINE PURE BD 1L,1,6300
1003010100102,GLYCERINE 99,1,8000
1003010100201,BICARBONATE D AMMONIUM EN KG,1,1200
1003010100301,BICARBONATE DE SOUDE ALIMENTAIRE,1,1560
1003010100401,ACIDE CITRIQUE EN KG,1,5000
1003010100501,ACIDE ASCORBIQUE ALIMENT EN KG,1,60000
1003010100502,ACIDE ASCORBIQUE ALIMENT SHT 1K,1,70000
1003010200101,BOYAU ROUGE 75MM EN M,1,800
1003010200201,BOYAU ROUGE 50MM,1,700
1003010200301,CURAFOS 700 EN SAC DE 25KG,1,425000
1003010200401,BOYAU NOIR 90MM EN M,1,1000
1003010200501,BOYAU ORANGE 19MM EN M,1,250
1003010200601,BOYAU ROUGE 19MM EN M,1,250
1003010200701,BOYAU NOIR 110MM EN M,1,1200
1003010200801,BOYAU INCOLORE 90MM EN M,1,950
1003010200901,BOYAU ROUGE 90MM EN,1,1000
1003010201001,BOYAU BLANC 76MM EN M,1,800
1003010201101,BOYAU NACRE 90MM EN M,1,1000
1003010201201,NITRATE DE POTASSIUM EN KG,1,9750
1003010201202,NITRATE DE POTASSE SACHET 1K,1,10000
1003010201301,NITRITE DE SODIUM EN KG,1,27500
1003010201302,NITRITE DE SODIUM SHT 1K,1,30000
1003010201401,PLASMAL N NE KG,1,15000
1003010300101,ACIDE ACETIQUE GLACIAL 99% EN L,1,2500
1003010300201,COLORANT ALIMENTAIRE ROUGE CARMOISINE EN KG,1,0
1003010300301,COLORANT ALIMENTAIRE VERT CLAIR EN KG,1,0
1003010300401,COLORANT ALIMENTAIRE JAUNE TARTRAZINE EN KG,1,0
1003010300501,COLORANT ALIMENTAIRE ROUGE PONCEAU EN KG,1,0
1003010300601,CA GRANULAT SAC 20KG,1,80000
1003010300701,METABISULFITE DE POTASSIUM SHT 1K,1,10000
1003010300702,METABISULFITE DE POTASSIUM EN KG,1,8850
1003010300801,SORBATE DE POTASSIUM SHT 1K,1,17000
1003010300802,SORBATE DE POTASSIUM EN KG,1,15000
1003010400101,PRESURE BEAUGEL BTE 500GR,1,250000
1003010400201,PRESURE BEAUGEL 8 TUBE DE 25L,1,40000
1003010400301,PRESURE BEAUGEL 9 TUBE DE 5L,1,8000
1003010400401,PRESURE BEAUGEL 10 TUBE DE 5L,1,8000
1003010400501,PRESURE BEAUGEL 11 TUBE DE 5L,1,8000
1003010400601,FERMENT YAOURT LAMBDA 9 DL1,1,12000
1003010400701,FERMENT LACTIQUE OMEGA 1  DL1,1,12000
1003010400801,PLASTI-ENROB ORANGE EN KG,1,60000
1003010400901,PLASTI-ENROB INCOLORE,1,52000
1003020100101,ACIDE NITRIQUE 69%BD 35KG,1,105000
1003020100201,ACIDE SULFURIQUE EN BD DE 25KG,1,47500
1003020100301,ACIDE OXALIQUE EN SAC DE 25 KG,1,170000
1003030100101,SOUDE CAUSTIQUE P?RLEE EN KG,1,2100
1003030100201,FORMOL 37% EN VRAC,1,3500
1003040100101,ACIDE DODECYL BENZOSULFONIQUE EN KG,1,0
1003040100301,TEMIXAN 270 EN KG,1,0
1003040100401,BETAMIX EN KG,1,0
1003040100501,CARBONATE DE SOUDE EN KG,1,0
1003040100601,SEL DE CUISINE EN KG,1,0
1003040100701,NP 10 EN KG,1,0
1003040100801,PARFUM EUCALYPTUS CTRIODORA EN KG,1,0
1003040100901,AMIDEX EN KG,1,0
1003040101001,ALCOOL A BRULER EN L,1,0
1003050100101,HYPOCHLORITE DE CA 70% EN KG,1,6000
1003050100201,DODIGEN 226EN L,1,30000
1003050100301,SULFATE D ALUMINE 17%ENKG,1,1850
1003050100401,WATERMAKER 5gr,1,450
1003050100501,WATERMAKER 2,1,250
1003050100601,HTH 70% Granul?  EN BIDON DE 45KG,1,7500
1003050100701,REGHARGE KLORMAN 10 TABLETTES,1,35000
1003050100801,RECHARGE BUCCANEER 12 TABLETTES,1,36234
1003050100901,CHLORINATEUR 72 m3/H,1,3756820
1003050101001,MACHINE EPURATION D'EAU 36 m3/H,1,11894150
1003050101101,CHLORINE SANITIZER,1,196785
1020110100101,MICOHEX FL 250ML,1,8750
1020110100201,CIPLOX EYE OINTMENT,1,1965
1020110100301,MICOHEX SHAMPOO,1,4950
1020110100401,MULIBACT SYRINGUE,1,2455
1020110100501,OTC SPRAY 200ML,1,10745
1020110100601,OTIVET OINTMENT 15GR,1,3295
1020110100701,CEFAJECT SYRINGUE,1,2495
1020110100801,MEGACLOX LENTE INFUSION,1,2295
1020110100901,MASTIGON INTRAMAMMARY TUBE 10G,1,3090
1020110101001,TERAGEN AEROSOL SPRAY,1,8830
1020110101101,UTENOL PESSARIES 20BOLUS,1,10500
1020110200101,OXYTETRACYCLINE 10 % FLC 100ML,1,3700
1020110200201,OXYTETRACYCLINE 20 % FLC 100ML,1,6700
1020110200301,OXYTETRACYCLINE 5 % FLC 100 ML,1,3065
1020110200401,PENICILLIN STREP 100ML,1,9250
1020110200501,CIPROFLOXACINE 40 MG FL 100 ML,1,4085
1020110200601,BIOSULPHA IM FL 100ML,1,8125
1020110200701,RASOMYCIN 5,1,2500
1020110200801,RASOMYCIN 10 FL 100ML,1,3350
1020110200901,RASOMYCIN LA 100ML,1,5000
1020110300101,OXYVIT FORTE SHT 100G,1,3600
1020110300201,OXYVIT FORTE BTE 1K,1,31500
1020110300301,NEOPLUS SHT 100G,1,3140
1020110300401,NEOPLUS SHT 50G,1,1530
1020110300501,DIARROBAN POWDER 12G,1,5000
1020110300601,STR 600 POWDER 100G,1,7500
1020110300701,NOBLOAT 100ML,1,2465
1020110300801,ENRO 10%FL 100 ML,1,4673
1020110300901,BLOTOXONE FL 100ML,1,2465
1020110301001,CIPROVET BTE 20,1,22125
1020110301101,BIOSULPHA DSBTE 40 BOLUS,1,22500
1020110301201,BIOSULPHA SHT 100GR,1,2775
1020110301301,BIOSULPHA  SHT 500 GR,1,12815
1020110301401,GYNOCURE BTE 40BOLUS,1,33000
1020110301501,ALVEGEST POWDER,1,5210
1020110301601,CERIFLOX 10% 1L,1,32500
1020220100101,PROTEKTO SPOT ON BTE 3X0,1,6450
1020220100102,PROTEKTOR SPOT ON BTE 3X1,1,15040
1020220100103,PROTEKTOR SPOT EN TUBE 0,1,2650
1020220100104,PROTEKTOR SPOT EN TUBE DE 1,1,4410
1020220100105,PROTEKTOR SPOT ON BTE 3X2,1,31455
1020220100201,MILBITRAZ BD 1L,1,53000
1020220100301,BLITZDIP BD 1L,1,6935
1020220100401,DELTRIN 1% POUR ON 500 ML,1,23685
1020220100501,COLLIER ANTIPUCE LARGE 580MM,1,11895
1020220100502,COLLIER ANTIPUCE SMALL 300MM,1,10615
1020220200101,BIAVERM BTE 12 CPR,1,15000
1020220200201,POLYVERMYL BOITE 250 CPES,1,78000
1020220200301,PRAZIVET PLUSTAB BTE 20CPR,1,8070
1020220200302,PRAZIVET TABLETS BTE 10 CPR,1,4410
1020220200401,ALBENDAZOLE 10% BD 1L,1,25650
1020220200402,ALBENDAZOLE 2500 BOLUS,1,800
1020220200403,ALBENDAZOLE 250 BTE 50 BOLUS,1,15000
1020220200501,LEVAMISOLE 600MG BTE 50 BOLUS,1,21875
1020220200502,LEVAMISOLE 10% FL 100ML,1,3945
1020220200503,LEVAMISOLE 20% SHT 100G,1,4500
1020220200504,LEVAMISOLE 20% EN KG,1,39500
1020220200601,SUPRAZOL 2500 BTE 20 BOLUS,1,20000
1020220200701,HYPERZOLE1500 BTE 40BOLIS,1,19200
1020220200801,BIZOLE 2500 BTE 20 BOLUS,1,20000
1020220200901,LEVOZAN BOLUS  5 BOLUS,1,9000
1020220201001,INTERFLUKE FLC 250 ML,1,21875
1020220201002,INTERFLUKE FL 100ML,1,9000
1020220201101,INTERDOUVE 25% FLC 250ML,1,33500
1020220201102,INTERDOUVE FLC 100ML,1,17000
1020220201201,INTERMEC 1% FL 50ML,1,7000
1020220201202,INTERMEC 1% FL 10ML,1,2000
1020220201301,BILIVIN PLUS FL 50ML,1,24125
1020220201401,IVOTEK SUPER,1,24125
1020220201501,COXFIN POWDER 1KG,1,72015
1020220201502,COXFIN POWDER 100 G,1,8470
1020220201503,COXFIN POWDER 500G,1,38190
1020220201601,COXSTOP POWDER 5KG,1,85915
1020330100101,INTERFER 10 % FLC 100ML,1,6000
1020330100201,BOROGLUCONATE DE CALCUIM FLC 500ML,1,7150
1020330100301,CALBRO FLC 450ML,1,6500
1020330100401,MILFON FL 300ML,1,5960
1020330100501,CALMAG D FLC 200ML,1,5860
1020330100601,MULTIVIT FL 100 ML,1,5500
1020330100701,AD3E  VIT FLC 100 ML,1,8600
1020330100801,BCLIV FL 100ML,1,5790
1020330100901,BOVOPLEX FL 100ML,1,4710
1020330101001,LIVOCARE 100ML,1,5790
1020330200101,ACIDE FOLIQUE EN VRAC,1,17994
1020330200201,ACIDE ASCORBIQUE EN VRAC,1,36750
1020330200301,BHT EN VRAC,1,7236
1020330200401,BIOTINE 2% EN VRAC,1,82393
1020330200501,CHOLINE CHLORIDE 50 % EN VRAC,1,10135
1020330200601,DOLOMIE 40 EN VRAC,1,429
1020330200701,IODATE DE CALCUIM 62 % EN VRAC,1,97834
1020330200801,IODATE DE POTASSIUM EN VRAC,1,55192
1020330200901,NIACINAMIDE EN VRAC,1,41115
1020330201001,OXYDE DE MANGANESE EN VRAC,1,3950
1020330201101,OXYDE DE ZINC EN VRAC,1,15090
1020330201201,PANTHONATE DE CALCUIM EN VRAC,1,0
1020330201301,SULFATE DE COBALT EN VRAC,1,37105
1020330201401,SULFATE DE CUIVRE EN VRAC,1,10260
1020330201501,VITAMINE A 500,1,173660
1020330201601,VITAMINE B 6,1,171358
1020330201701,VITAMINE E,1,0
1020330201801,VITAMINE B 12 1%,1,674904
1020330201901,VITAMINE B1,1,95730
1020330202001,VITAMINE B 2 80 %,1,0
1020330202101,VITAMINE D3,1,144060
1020330202201,VITAMINE K3,1,68318
1020330202301,DICALCIQUE PHOSPHATE EN VRAC,1,0
1020330202401,VITAMINE A 1000 EN KG,1,173660
1020330202501,CATTLE PREMIX EN KG,1,0
1020330202601,UNIVERSAL BEEDER LAYER VIT EN KG,1,0
1020330202701,UNIVERSAL BROILER VIT EN KG,1,0
1020330202801,UNIVERSAL BROILER MIN EN KG,1,0
1020330202901,UNIVERSAL PIG MIN EN KG,1,0
1020330300101,WOU BTE 500GR,1,29000
1020330300201,BIACALCUIM BTE 500 GR,1,29500
1020330300301,EG GROW FORTE GRANULES,1,4236
1020330300401,CMV PONDEUSE SPECIAL SAC DE 25K,1,113750
1020330300501,EG GROW 1KG,1,33895
1020330300601,VITAFIT BTE 100 CPR,1,16250
1020330300701,INTERVIT PLUS SHT 15G,1,1000
1020330300702,INTERVIT PLUS SHT 100GR,1,4050
1020330300703,INTERVIT BTE  1KG,1,32500
1020330300801,VETSUPPE PLUS POWDER 1KG,1,43750
1020330300901,VITAMIX SHT 100GR,1,3820
1020330300902,VITAMIX SHT 1KG,1,37865
1020330301001,AVITONE POWDER,1,13850
1020330301002,AVITONE POWDER 1KG,1,34700
1020330301003,AVITONE OWDER 100GR,1,3895
1020330301101,NUTRAMIN POWDER 1K,1,13900
1020330301201,CANINE HEALTH BTE 60CPR,1,8000
1020330301301,VITAMIX EN VRAC BIDON 25KG,1,851715
1020330301401,RED LICKIES BLOC 2 KG,1,5000
1020330301402,RED LICKIES BLOC 10 KG,1,25770
1020330301403,RED LICKIES PM,1,4170
1020440100101,COTAGRO ADULTE 10K,1,30100
1020440100102,COTAGRO ADULTE 20K,1,56000
1020440100201,COTECAN MAINTENANCE 5K,1,18500
1020440100202,COTECAN MAINTENANCE 18K,1,52470
1020440100301,COTECAN PUPPIES 5K,1,26850
1020440100302,COTECAN PUPPIES 16KG,1,72000
1020440100401,COTECAN HIGHENERGY 5K,1,26500
1020440100402,COTECAN HIGHENERGY 18K,1,81450
1020440100501,OPTIMA COMPLET CHAT 4KG,1,20000
1020440100601,OPTIMA COMPLET 20K,1,72000
1020440100701,CHEWLI 4KG,1,18995
1020440100702,CHEWLI 8KG,1,36355
1020440100802,CMV PONDEUSE SPECIAL SAC 10K,1,45500
1020440100803,CMV PONDEUSE SAC 10KG,1,46000
1020440100804,CMV PONDEUSE SAC 25 KG,1,109000
1020440100901,CMV POUSSIN SANS AC SAC 10KG,1,50650
1020440100902,CMV POUSSIN SAC 25 KG,1,210000
1020440100903,CMV POUSSIN SPECIAL SAC 10K,1,0
1020440101001,CMV POULETTE SPECIAL SAC 10 K,1,45950
1020440101101,CMV BOVIN SAC 10 KG,1,41560
1020440101102,CMV BOVIN NUTRISTAR SAC 25KG,1,154050
1020440101201,CMV CHAIR DEMARRAGE SAC 10 KG,1,90950
1020440101301,CMV CHEVAUX SAC 10 KG,1,34250
1020440101401,CMV POULET DE CHAIR SAC 10 KG,1,65000
1020440101501,CMV PORC SAC 10KG,1,49250
1020440101601,CMV PORCELET SAC 10 KG,1,64500
1020440101701,CMV POULETTE SAC 10KG,1,52400
1020440101801,CMV TRUIE ET VERRAT SAC 10KG,1,40640
1020440101901,CMV POUSSIN AVEC AC SAC 10KG,1,67250
1020440102001,LYSINE SHT 1KG,1,5800
1020440102002,LYSINE EN VRAC,1,9000
1020440102101,METHIONINE SHT 1KG,1,19734
1020440102102,METHIONINE EN VRAC,1,16000
1020440102201,FARINE DE POISSON EN SAC DE 25KG,1,3500
1020440102202,FARINE DE POISSON SAC 40 KGS,1,102800
1020440102203,FARINE DE POISSON,1,3000
1020440102204,FARINE DE POISSON MAURICE,1,4000
1020440102301,LACTOREMPLACEUR SAC  DE 25 KG,1,124000
1020440102401,TOURTEAUX DE SOJA EN KG,1,1900
1020440102501,TOURTEAU DE COTON EN KG,1,1400
1020440102601,PHOSPHATE MONOBICALCIQUE EN KG,1,2920
1020440102701,SULFATE DE FER EN VRAC,1,1900
1020550100101,POUSSIN D 1 JOUR CHAIR HUBBARD,1,1600
1020550100201,POUSSIN D 1 JOUR PONDEUSE,1,4000
1020550200101,BOTTES PAIRE,1,17785
1020550200201,THERMOMETRE D'AMBIANCE 10 -110?C,1,10375
1020550200301,DOUILLE LAMPE INFRAROUGE,1,2460
1020550200401,ELEVEUSE A GAZ,1,858000
1020550200501,LAMPE INFRAROUGE 175 W,1,0
1020550200601,PLATEAU DE DEMARRAGE,1,7765
1020550200701,BAC A PEDULIVE,1,6210
1020550200801,DISTRIBUTEUR PORTE INOX 1 L,1,105820
1020550200901,TABLIER FERMIER,1,30000
1020550201001,LANCE A MOUSSE 2.8 L,1,353496
1020550201101,PICHET DOSEUR 1L,1,7000
1020550201201,ABREUVOIR PM,1,5210
1020550201202,ABREUVOIR GM,1,10790
1020550201203,ABREUVOIR AUTOMATIQUE,1,33000
1020550201301,MANGEOIRE PM,1,5000
1020550201302,MANGEOIRE GM,1,15000
1020550201701,CAGE A POULET PM,1,66200
1020550201702,CAGE A POULET GM,1,99500
1020550201801,BIDONA LAIT EN ALU 16L CH,1,139700
1020550201802,BIDON A LAIT EN ALU 30 L IN,1,194995
1020550201803,BIDONS A LAIT EN ALU 40 L IN,1,217230
1020550201804,BIDON A LAIT EN ALU 50 L IN,1,235040
1020550201805,BIDON A LAIT EN ALU 40 L CH,1,219650
1020550201901,BIDON A LAIT EN ACIER INOXYDABLE 40 L,1,388750
1020550201902,BIDON A LAIT EN ACIER INOXYDABLE 20L,1,333220
1020550202001,TANK A LAIT EN ACIER INOXYDABLE 500 L,1,14945570
1020550202002,TANK A LAIT EN ACIER INOXYDABLE 1000L,1,20000000
1020550202101,MACHINE A TRAIRE CS1T,1,5882985
1020550202102,MACHINE A TRAIRE CS 2T,1,8401390
1020550202103,MACHINE A TRAIRE CH AVEC ACCESSOIRES,1,3500000
1020550202201,ECREMEUSE 60 L PH,1,1210530
1020550202202,ECREMEUSE ELECTRIQUE 90,1,1985160
1020550202301,BARRATE 60L,1,2934505
1020550202302,BARRATE ELECTRIQUE 60L,1,6356085
1020550202401,BUTYROMETRE,1,5365
1020550202501,LACTOMETRE,1,8785
1020550202601,AMPOULE INFRA ROUGE 250W ROUGE,1,27995
1020550202602,AMPOULE INFRA ROUGE 100W BLANC,1,18530
1020550203501,ALVEOLE CARTON,1,350
1020550203601,PESON A CADRAN PORTEE 10KG,1,75955
1020550203701,THERMOMETRE D'AMBIANCE 25 CM,1,10325
1020550203702,THERMOMETRE D'AMBIANCE 40 CM,1,15565
1020550203703,THERMOMETRE ELECTRONIQUE,1,24305
1020550203704,THERMOMETRE MAXI MINI,1,13800
1020550203801,DEBECQUEUR MANUEL,1,1753975
1020550203901,RUBAN ZOOMETRIQUE,1,30105
1020550204001,PEDALE AVEC CHAINE LYON,1,154425
1020550204101,LAME KH POULET ADULTE,1,37810
1020550204201,GAVEUSE MANUELLE ENTONNOIR,1,118035
1020550204301,GOBELET TREMPAGE,1,12285
1020550204401,LASSO PORC MANCHE LONG,1,81875
1020550204402,LASSO PORC MANCHE COURT,1,42395
1020550204501,BOUCLE D'OREILLE,1,1065
1020550204601,CRAYON MARQUEUR,1,19520
1020550204701,PINCE POSE BOUCLES,1,90565
1020550204801,POINTEAU,1,6500
1020550204901,ENCRE A TATOUER VERTE 250 ML,1,33975
1020550205001,CMT PADOLE,1,18304
1020550205101,CMT TEST BD 1L,1,20306
1020550205201,SPECULUM VAGINAL,1,205348
1020550205301,CHARLOTTE FIBRE NON TISSEE (BTE DE 200),1,61375
1020550205401,GANT COURT LATEX 8-9 (BTE DE 100),1,32250
1020550205501,SURBOTTE POLYETHYLENE (BTE DE 100),1,43125
1020550205601,GANT DELIVRANCE POLYETHYLENE 90 CM (BTE DE 100),1,37315
1020550300101,AIGUILLE 20*14 BTE 12,1,19300
1020550300102,AIGUILLE 30*15 BTE 12,1,10750
1020550300103,AIGUILLE 40 *15 BTE 12,1,13250
1020550300104,AIGUILLE ETHICON EPK3 BTE 12,1,40000
1020550300105,AIGUILLE 15*15 BTE 12,1,10750
1020550300106,AIGUILLE LABEL VAGE 50-20 (BTE DE 12),1,24375
1020550300107,AIGUILLE LABEL VAGE 30 - 15 (BTE DE 12),1,12315
1020550300108,AIGUILLE LABELVAGE 15-20 (BTE DE 12),1,12315
1020550300109,AIGUILLE LABAELVAGE 15-15 (BTE DE 12),1,12315
1020550300110,AIGUILLE LABELVAGE 10-07 (BTE DE 12),1,14305
1020550300111,AIGUILLE SUTURE 3/8 RONDE N?4(BTE DE 12),1,75275
1020550300112,AIGUILLE SUTURE 3/8 RONDE N?00 (BTE DE 12),1,75372
1020550300113,AIGUILLE VAGINALE BUHNER 30 CM,1,81785
1020550300201,SERINGUE ELPLEX 10 ML,1,9375
1020550300202,SERINGUE ELPLEX 5ML,1,11498
1020550300203,SERINGUE GENIAPLEX 2 ML,1,15790
1020550300204,SERINGUE PLEXIVET 5 ML,1,1000
1020550300205,SERINGUE ELPLEX 30 ML,1,13814
1020550300206,SERINGUE ELPLEX 20 ML,1,9845
1020550300207,SERINGUE SODEX 20ML,1,4000
1020550300208,SERINGUE M 103 1 ML,1,33575
1020550300209,SERINGUE M 104 1ML,1,33575
1020550300210,SERINGUE 10 ML,1,8865
1020550300211,SERINGUE 20ML CH,1,9830
1020550300212,SERINGUE 100ML,1,27250
1020550300213,SERINGUE 2ML TYPE D,1,35375
1020550300214,SERINGUE 2ML TYPE C,1,34970
1020550300301,PORTE AIGUILLES,1,168000
1020550300401,PIECE SER GLASS TUBE PISTON 1ML,1,4100
1020550300402,PIECES SER GLASS TUBE PISTON 2ML,1,4100
1020550300403,PIECES SER RUBBER FITTING 1 ML,1,595
1020550300404,PIECES SER RUBBER FITTING 2ML,1,595
1020550300405,PIECES SER SPRING A,1,595
1020550300406,PIECES SPRING B,1,190
1020550300407,PIECES SPRING C,1,190
1020550300408,PINCE BURDIZZO,1,373960
1020550300409,TROCAR,1,45000
1020550300410,THERMOMETRE VETERINAIRE,1,8000
1020550300411,THERMOMETRE VETERINAIRE 42%,1,11650
1020550300501,PORTE AIGUILLE OLSEN HEGAR 14 CM,1,60430
1020550300502,PORTE AIGUILLE OLSEN HEGAR 18 CM,1,74115
1020550300503,PORTE AIGUILLE MATHIEU TINGSTENE 20 CM,1,150695
1020550300504,PORTE AIGUILLE MATHIEU 14 CM,1,49080
1020550300601,PINCE COUPE DENT 14 CM,1,33765
1020550300602,PINCE MOUCHETTE OEILLET 20 CM,1,53655
1020550300603,PINCE MOUCHETTE COULANT 20 CM,1,27145
1020550300604,PINCE A CASTRER INOX 48 CM,1,250875
1020550300605,PINCE BURDIZZO 23 CM,1,96905
1020550300606,PINCE BURDIZZO 48 CM,1,518430
1020550300607,PATE A ECORNER HORNEX (POT),1,40195
1020550300701,CROCHET POUR SABOTS,1,9140
1020550300801,NECESSAIRES A DISSECTION ET TAXIDERMIE,1,156126
1020550300901,LAME BISTOURI 22,1,78958
1020550301001,TROCART A RUMEN 9MM,1,32795
1020550301002,TROCART A SAIGNER INOX 4 MM,1,90760
1020550301101,SCIE FIL FRANCAIS 10M,1,22990
1020550301201,POIGNEE SCIE FIL PM (PAIRE),1,20390
1020550301202,POIGNEE SCIE FIL GM (PAIRE),1,23825
1020550301301,MANCHE DE BISTOURI PLIANT,1,14485
1020550301302,MANCHE DE BISTOURI N?4,1,9290
1020550301401,PLATEAU LACTOTEST,1,5335
1020550301501,POMPE 2ML LACTOTEST,1,10582
1020550301601,LACTOTEST BD 1L,1,15065
1020550301701,AIMANT 60 X 20 X 15 MM,1,27920
1020550301702,AIMANT EN CAGE GM,1,5815
1020550301801,LANCE AIMANT DIAM 25 MM,1,70895
1020660100101,DEMIN SHT 2.36 GR,1,1315
1020660100201,DIMINOL POWDER 2,1,3115
1020660100301,PROXIDINE 50 BD 1L,1,16139
1020660100401,BACTAGEN FLC 125 ML,1,23000
1020660100501,DERMEX BD 10 L,1,25045
1020660100601,KENODERM EN BD 5L,1,82826
1020660100701,IODIP + BD 1L,1,11335
1020660100702,IODIP +  BD 10L,1,116000
1020660100703,IODIP + FLACON 500ML,1,8575
1020660100704,IODIP+250ML,1,4755
1020660100801,PEDILINE BD 10KG,1,93990
1020660100901,PRO CID BD 25 KG,1,83132
1020660101001,TORNAX  EN BD 24KG,1,207064
1020660101101,VIROCID BD 10 L,1,239700
1020660101102,VIROCID FLC 500 ML,1,12530
1020660101103,VIROCID FL 250ML,1,6265
1020660101104,VIROCID BD 5L,1,122575
1020660101105,VIROCID EN VRAC,1,20465
1020660101201,TORNAX EN VRAC,1,6904
1020660101301,HANDCLEANER D FLACON 500ML,1,6000
1020660101401,DERMEX BIDON 1L,1,4900
1020660101501,PROXIDINE 50 FL 250ML,1,3335
1020660101601,PEDILINE FLACON 500ML,1,5230
1020660101701,ATOX POWDER 5 KG,1,32305
1020660101801,TEFROSOL FORTE BD 1L,1,16460
1020660101901,OXYTOCIN 101 U 50ML,1,5625
1020660102001,DEXAMETHASONE FLC 100ML,1,7000
1020660102101,CORTINOL P,1,5000
1020660102201,ACTENINE BS SHT DOSE 50L,1,1255
1020660200101,VACCIN VIVANT ND(B1)1000 DOSES,1,6250
1020660200201,VACCIN VIVANT ND (LASOTA)1000 doses,1,5125
1020660200301,VACCIN VIVANT IBD(INTERMEDIAIRE) 1000 doses,1,16060
1020660200302,VACCIN VIVANT IBD(INTERMEDIAIRE)200doses,1,4900
1020660200401,VACCIN VIVANT IBD(INVASIVE)1000 doses,1,24360
1020660200402,VACCIN VIVANT IBD(INVASIVE) 200doses,1,8600
1020660200501,VACCIN INACTIVE ND(LASOTA)1000 doses,1,86438
1020660200601,VACCIN FOWLPOX FL 1000 DOSES,1,10915
1020660200701,VACCIN RABIVAC 5 DOSES,1,13750
1020660200801,VACCIN RABIVAC 10 DOSES,1,27500
1020660200901,VACCIN MEGAVAC 6 IML,1,6585
1020660200902,VACCIN MEGAVAC P 1ML,1,9375
1020660201001,VACCIN RAKSHARAB 1ML,1,7500
1020660201002,VACCIN RAKSHARAB 10ML,1,27500
1020660201101,VACCIN VIVANT ND LA SOTA 200 DOSES,1,3835
1020660201201,VACCIN INC ND+BI 1000 DOSES,1,184600
1020660201301,VACCIN FOWL CHOLERA FL 1000 DOSES,1,141105
1001050200102,UREE RECONDITIONNE,1,0
1020220100601,BAIN DOUCHE AP 0,1,2700
1003040101101,LABTAN 300 ,1,0
1002020100801,FICAM VC,1,50000
ACHAER001,Acide composante batterie,1,0
ACHAER002,Bache pour camion,1,0
ACHAER003,Balaie essuie-glace,1,0
ACHAER004,Batterie automobile,1,0
ACHAER005,Bougie,1,0
ACHAER006,Chargeur batterie,1,0
ACHAER007,Contacteur,1,0
ACHAER008,Cosse ? sertir,1,0
ACHAER009,Coupelle,1,0
ACHAER010,Courroie alternateur,1,0
ACHAER011,Coussinet,1,0
ACHAER012,D?marreur,1,0
ACHAER013,Diode,1,0
ACHAER014,Discontacteur,1,0
ACHAER015,Electrolyte,1,0
ACHAER016,Embrayage,1,0
ACHAER017,Feu,1,0
ACHAER018,Filtre,1,0
ACHAER019,Goujon,1,0
ACHAER020,Huile,1,0
ACHAER021,Jeu de segments,1,0
ACHAER022,Lampe ?l?ctrique / automobile,1,0
ACHAER023,Liquide de frein,1,0
ACHAER024,Liquide de refroidissement,1,0
ACHAER025,Pneu,1,0
ACHAER026,Pochette de joints,1,0
ACHAER027,Pompe de transvasement manuel,1,0
ACHAER028,R?gulateur,1,0
ACHAER029,Relais,1,0
ACHAER030,Rotule accelerateur,1,0
ACHAER031,Roulement,1,0
ACHAER032,Roulette,1,0
ACHAER033,Segment,1,0
ACHAER034,Silent bloc,1,0
ACHAER035,Silicone noire,1,0
ACHCAN002,Ticket cantine,1,0
ACHCIN001,CD,1,0
ACHCIN002,Encre,1,0
ACHCIN003,Papier listing,1,0
ACHCIN004,Ruban pour imprimante,1,0
ACHCMA001,Agrafe pour feuillard plastique,1,0
ACHCMA002,Baguette de soudure,1,0
ACHCMA003,Disque abrasif,1,0
ACHCMA004,Disque diamant?,1,0
ACHCMA005,Disque ebarbeuse,1,0
ACHCMA006,Disque tronconneuse,1,0
ACHCMA007,Etain,1,0
ACHCMA008,Lame de scie,1,0
ACHCMA009,Lame de scie sauteuse,1,0
ACHCMA010,Mastic vitrier,1,0
ACHCMA011,Papier ? disque,1,0
ACHCMA012,Pointe ? b?ton,1,0
ACHCNE013,Ac?tone,1,0
ACHCNE014,Alcool,1,0
ACHCNE015,Arctic 1L,1,0
ACHCNE016,Bloc WC,1,0
ACHCNE017,Canard WC - Flacon 1L,1,0
ACHCNE018,Chamoisine,1,0
ACHCNE019,Coton hydrophile,1,0
ACHCNE020,Cr?me ? r?curer,1,0
ACHCNE021,D?sodorisant,1,0
ACHCNE022,Eau de javel,1,0
ACHCNE023,Eponge m?tallique,1,0
ACHCNE024,Jex,1,0
ACHCNE025,Lave main liquide,1,0
ACHCNE026,Papier toilette,1,0
ACHCNE029,Savon de nettoyage,1,0
ACHCNE030,Savon de toilette,1,0
ACHCNE031,Savon pate,1,0
ACHCNE032,Serpill?re,1,0
ACHFBU001,Agrafe 24/6,1,0
ACHFBU002,Agrafeuse,1,0
ACHFBU003,Attache,1,0
ACHFBU004,Bac ? courrier,1,0
ACHFBU005,Badge,1,0
ACHFBU006,Bande collante,1,0
ACHFBU007,Blanco,1,0
ACHFBU008,Bloc cube,1,0
ACHFBU009,Bloc ?ph?m?ride,1,0
ACHFBU010,Bloc note,1,0
ACHFBU011,Bo?te d'archive,1,0
ACHFBU012,Cahier,1,0
ACHFBU013,Calculatrice 12 chiffres,1,0
ACHFBU014,Carbonne,1,0
ACHFBU015,Carnet,1,0
ACHFBU016,Carte de visite,1,0
ACHFBU017,Carton,1,0
ACHFBU018,Chemise dossier,1,0
ACHFBU019,Ciseaux,1,0
ACHFBU020,Classeur ? levier,1,0
ACHFBU021,Colle,1,0
ACHFBU022,Corbeille,1,0
ACHFBU023,Dateur,1,0
ACHFBU024,Encre bleu,1,0
ACHFBU025,Ensemble de bureau,1,0
ACHFBU026,Enveloppe,1,0
ACHFBU027,Fiche de stock,1,0
ACHFBU028,Gomme,1,0
ACHFBU029,Intercalaire A4,1,0
ACHFBU030,Manifold,1,0
ACHFBU031,Marker permanent,1,0
ACHFBU032,Marker white board,1,0
ACHFBU033,Ote agrafe,1,0
ACHFBU034,Papier,1,0
ACHFBU035,Parapheur,1,0
ACHFBU036,Perforateur,1,0
ACHFBU037,Pochette transparente,1,0
ACHFBU038,Porte bloc cube,1,0
ACHFBU039,Porte carte de visite,1,0
ACHFBU040,Porte document,1,0
ACHFBU041,Porte mine,1,0
ACHFBU042,Porte stylo,1,0
ACHFBU043,Post It,1,0
ACHFBU044,Protege-cahier,1,0
ACHFBU045,R?gle,1,0
ACHFBU046,Sous chemise,1,0
ACHFBU047,Stylo,1,0
ACHFBU048,Surligneur,1,0
ACHFBU049,Tableau blanc,1,0
ACHFBU050,Tampon encreur,1,0
ACHFBU051,Tapis souris,1,0
ACHFBU052,Trombone,1,0
ACHFEL001,Attache fil,1,0
ACHFEL002,Barnadher,1,0
ACHFEL003,Bloc de contact,1,0
ACHFEL004,Bloc de d?rivation,1,0
ACHFEL005,Bloc multiprise,1,0
ACHFEL006,Cable industriel,1,0
ACHFEL007,Cable vultiprene,1,0
ACHFEL008,Commutateur ?l?ctrique,1,0
ACHFEL009,Contacteur  T?l?m?canique,1,0
ACHFEL010,Disjoncteur,1,0
ACHFEL011,Domino,1,0
ACHFEL012,Douille ?l?ctrique,1,0
ACHFEL013,Fiche m?le,1,0
ACHFEL014,Fil ?l?ctrique,1,0
ACHFEL015,Fusible,1,0
ACHFEL016,Interrupteur ?l?ctrique,1,0
ACHFEL017,Kit de verrouillage m?canique,1,0
ACHFEL018,Lampe ?l?ctrique,1,0
ACHFEL019,Prise ?l?ctrique,1,0
ACHFEL020,Projecteur halog?ne complet,1,0
ACHFEL021,Relais de d?marrage,1,0
ACHFEL022,Relais thermique,1,0
ACHFIN001,Cable Parall?le to USB,1,0
ACHFIN002,Cable r?seau,1,0
ACHFIN003,Cable USB,1,0
ACHFIN004,Clavier,1,0
ACHFIN005,Connecteur RJ45,1,0
ACHFIN006,Disque dur pour portable,1,0
ACHFIN007,M?moire RAM,1,0
ACHFIN008,Onduleur,1,0
ACHFIN009,Routeur,1,0
ACHFIN010,Souris,1,0
ACHFIN011,Tambour pour photocopieuse IR1600,1,0
ACHMCE001,Antirouille,1,0
ACHMCE002,Cadenas,1,0
ACHMCE003,Carreau,1,0
ACHMCE004,Ciment,1,0
ACHMCE006,Contre plaqu?,1,0
ACHMCE007,Coude,1,0
ACHMCE008,Fer,1,0
ACHMCE009,Fosse septique,1,0
ACHMCE010,Grillage anti-moustiquaire,1,0
ACHMCE011,Moulure,1,0
ACHMCE012,Papier abrasif,1,0
ACHMCE013,Peinture,1,0
ACHMCE014,Recharge ac?tyl?ne,1,0
ACHMCE015,Recharge oxyg?ne,1,0
ACHMCE016,Robinet,1,0
ACHMCE017,Tole,1,0
ACHMCE018,Vis acier ? bois,1,0
ACHMCE019,Vitre,1,0
ACHMCE020,White Spirit,1,0
ACHMCE021,Surpresseur,1,0
ACHMCE022,Divers articles maintenance,1,0
ACHMIN001,Ecran,1,0
ACHMIN002,Imprimante,1,0
ACHMIN003,Serveur d'impression,1,0
ACHMIN004,Switch,1,0
ACHMOB001,Mobilier de bureau,1,0
ACHOUT001,Balance ?lectronique,1,0
ACHOUT002,Bidon ? goulot,1,0
ACHOUT003,Casque de soudeur,1,0
ACHOUT004,Cric,1,0
ACHOUT005,Equerre menuisier,1,0
ACHOUT006,Jerrican,1,0
ACHOUT007,Jeu de tarauds,1,0
ACHOUT008,Manom?tre,1,0
ACHOUT009,Masque anti-poussi?re,1,0
ACHOUT010,Rabot portatif,1,0
ACHOUT011,Transpalette,1,0
ACHOUT012,Tuyau d'arrosage,1,0
ACHOUT013,Brouette de jardin,1,0
ACHOUT014,Cisailles,1,0
ACHOUT015,Compas ? ressortCompat 200mm?,1,0
ACHOUT016,Couteau de peintre,1,0
ACHOUT017,Equerre 50cm,1,0
ACHOUT018,Machine ? cercler,1,0
ACHOUT019,Maillet,1,0
ACHOUT020,Marteau,1,0
ACHOUT021,Mesure d'angle,1,0
ACHOUT022,M?tre metallique 5m,1,0
ACHOUT023,Meuleuse,1,0
ACHOUT024,Meuleuse affuteuse 250*20*32,1,0
ACHOUT025,Meuleuse angulaire,1,0
ACHOUT026,Niveau ma?on 1M,1,0
ACHOUT027,Paumelle ? souder,1,0
ACHOUT028,Perceuse ? forer 2 ? 12,1,0
ACHOUT029,Perceuse ? percussion,1,0
ACHOUT030,Perceuse visseuse,1,0
ACHOUT031,Pince ? river,1,0
ACHOUT032,Pince amp?rim?trique,1,0
ACHOUT033,Pince c/devant 200,1,0
ACHOUT034,Pince masse pour soudure,1,0
ACHOUT035,Pince multiprise,1,0
ACHOUT036,Pince universelle,1,0
ACHOUT037,Pinceau,1,0
ACHOUT038,Piquet de terre cuivre,1,0
ACHOUT039,Pistolet ? peindre PM,1,0
ACHOUT040,Pistolet ? peindre professionnel,1,0
ACHOUT041,Pistolet silicone,1,0
ACHOUT042,Polisseuse,1,0
ACHOUT043,Rape 8",1,0
ACHOUT044,Rouleau ? peindre,1,0
ACHOUT046,Scie circulaire professionnel,1,0
ACHOUT047,Scie cloche,1,0
ACHOUT048,Scie ?go?ne,1,0
ACHOUT049,Scie sauteuse,1,0
ACHOUT050,Tournevis,1,0
ACHOUT051,Tronconneuse,1,0
ACHPPN001,Caf?,1,0
ACHPPN002,Eau,1,0
ACHPPN003,Lait,1,0
ACHPPN004,Recharge gaz butane,1,0
ACHPPN005,Sucre,1,0
ACHPPN006,Th?,1,0
ACHPUB001,Affiche,1,0
ACHPUB002,Articles publicitaires,1,0
ACHPUB003,D?pliant,1,0
ACHPUB004,Enseigne lumineuse,1,0
ACHPUB005,Etiquette autocollante,1,0
ACHPUB006,Insertion publicitaire,1,0
ACHPUB007,Radio diffusion,1,0
ACHSRV001,Billet d'avion,1,0
ACHSRV002,Location,1,0
ACHSRV003,Main d'ouvre,1,0
ACHSRV004,R?paration mat?riels de bureau,1,0
ACHSRV005,Fabrication Agrivet - Flacon,1,0
ACHSRV006,Fabrication Agrivet - Gaine,1,0
ACHSRV007,Fabrication Agrivet - Reconditionnement,1,0
ACHSRV008,Fabrication Agrivet - Sac,1,0
ACHSRV009,Fabrication Agrivet - Sachet,1,0
ACHSRV010,Installtion frigorifique & ?l?ctrique,1,0
ACHTDT001,Tenue de travail,1,0
IMP000108,HONORAIRES TRANSITAIRES,1,0
IMP000109,DIVERS FRAIS DE TRANSIT,1,0
IMP000110,TRANSPORT TERRESTRE,1,0
IMP000111,DOCKERS & DECHARGEMENTS,1,0
IMP000112,TAXE IMPORTATION,1,0
IMP000113,EXO DIVERS FRAIS,1,0
IMP000114,FRAIS DE MAINTENANCE,1,0
IMP000115,TVA,1,0
IMP000116,BANQUE,1,0
IMP000117,ADMINISTRATION 3%,1,0
IMP000118,ADMINISTRATION 9%,1,0
IMP000100,FRET,1,0
IMP000101,ASSURANCE,1,0
IMP000102,DRI,1,0
IMP000103,DROIT D ACCISE,1,0
IMP000104,DROIT DE DOUANE,1,0
IMP000105,GASYNET,1,0
IMP000106,TAXE DE ROULAGE,1,0
IMP000107,SURESTARIES,1,0
1001100100026,ETIQUETTE VIROCID 250ML,1,275
IMP000119,COMMISSIONS,1,0
ZREMISE,RABAIS REMISE RISTOURNE,1,0
ACHSRV_001,DISO,1,0
1003020100401,ACIDE SULFURIQUE 98% en KG,1,1300
ACHSRV011,Hebergement,1,0
1003060100101,RESINE ULTRASET 901 PA ORTHO EN FUT DE 225KG,1,11000
1003060100201,RESINE ULTRANET 991 PA ISO FUT DE 225KG,1,13000
1003060100301,POOLCOAT 73P 1075 PA E BIDON 25KG,1,14000
1003060100401,OCTOATE DE COLBALT,1,36000
1003060100501,INTEROX MEK-PHA2 KG(catalysuer),1,35000
1003060100601,ACETONE EN KG,1,10000
1003060100701,CIRE DE DEMOULAGE BIDON 2,1,0
1003060100801,MAT DE VERRE 300 EN KG,1,11500
1003060100901,MAT DE VERRE 450 KG,1,0
1003060101001,MAT DE VERRE 600 EN KG,1,0
1003010201501,BOYAU NACRE 76MM EN M,1,800
1001010100201,METRO 500 SC EN LITRE,1,9941.27
1001010100301,ATOO 500SC EN LITRE,1,10000
ACHFIN_012,DISO,1,0
ACHFIN012,Cartable noir pour ordi,1,0
ACHSRV012,Reception,1,0
1020550201204,ABREUVOIR AUTOMATIQUE PM,1,38500
1020550201205,ABREUVOIR AUTOMATIQUE PM CASE,1,20500
ACHAER036,Flexible,1,0
ACHAER037,Cl? de roue,1,0
ACHAER038,Signalisation,1,0
1003060101101,TEINTE BLEU OPAQUE 3075,1,40000
1003020100501,ACIDE CHLORHYDRIQUE 30/33% EN KG,1,1200
1001050300101,ENGRAIS FOLIAIRE FLEURS,1,5650
1001050400101,ENGRAIS SPECIAL ORCHIDEE,1,6250
1001050300201,ENGRAIS FOLIAIRE FEUILLES,1,5650
1001100200005,FLACON POUDREUSE K-OTRINE PP2 500G,1,800
IMP000120,LOT,1,0
1003050101201,CHAUX D'EPURATION EN KG,1,1000
1020440102801,HUILE DE THON EN PLASTIQUE,1,6540
1020440102802,HUILE DE THON EN BARIL,1,853750
ACHDIV001,Gaine noire 18 cm x 80?,1,0
1003010201601,BOYAU NACRE 50 MM EN M,1,700
1020550302101,PEDALEAU,1,3910452.74
10205500204902,Xxxxxxxxxxx,1,0
ACHFBU053,Traite normalis?e (carnet),1,0
1020220200404,MEGAZOLE 2500,1,500
1020110200202,OXYTETRACYCLINE 20% SP,1,5625
1020550204902,ENCRE A TATOUER NOIR 500ML,1,79600
1003060101201,GELCOAT BLANC en KG,1,14000
10030601301,STYRENE LIQUIDE en KG,1,11000
1001050100402,NPK 11 22 16 (SAC DE 10KG) EN KG,1,1850
1003010201801,BOYAU JAUNE 90MM EN M,1,1000
1003010201701,BOYAU ORANGE 90MM EN M,1,1000
ACHFEL023,Fournitures ?lectriques divers,1,0
1001090100221,JOINT REF 4061345,1,12250
1001090100222,JOINT TORRIQUE REF 0062166,1,3500
1001090100223,JOINT TORRIQUE REF 0062249,1,3500
1001090100224,ECROU DE RECOUVREMENT REF 4074148,1,6000
1001090100225,BOUCHON REF 4074961,1,3750
1001090100226,OLIVE DE RACCORDEMENT REF 4074500,1,4750
1001090100227,JOINT TORRIQUE REF 0062271,1,2500
1001090100228,COLLIER SYNTHETIQUE REF 0066388,1,6250
1001090100229,COUDE REF  4074527,1,12375
1001090100230,COUSSINET REF 4074410,1,6250
1001090100231,SEGMENT REF 2048255,1,28750
1001090100232,BOUGIE D'ALLUMAGE REF 2300106,1,15625
1001090100233,JOINT CARTER MOTEUR REF 2061157,1,8500
1001090100234,RONDELLE REF 0031375,1,3500
1001090100235,SOUPAPE DE ROBINET REF 4074481,1,8500
1001090100236,COUVERCLE DE ROBINET REF 4074480,1,10625
1001090100237,OLIVE DE SERRAGE REF 4074355,1,3750
1001090100238,TAMIS 423 REF 2500198,1,21000
1001090100239,DOUILLE DE DOSAGE REF 4074240,1,17250
1001090100240,CARTER MOTEUR REF 2100664,1,200000
1001090100241,JOINT SPY REF 0054133,1,25000
1001090100242,POIGNEE ROBINET 410-4 REF 4800177,1,68750
1001090100243,VILBREQUIN REF 220011752,1,500000
1001090100244,POT D'ECHAPPEMENT REF 250035425,1,175000
1001090100245,CORPS DE DOSAGE COMPLET REF 4074444,1,25000
1001090100246,DOUILLE REF 4021149,1,8750
1001090100247,CYLINDRE +PISTON REF 22000114,1,612500
ZFRAIS,FRAIS FINANCIERS,1,61932.16
1020440100103,COTAGRO PLUS 20K,1,81200
1020440100403,COTECAN OPTIMA ENERGY 4KG,1,62500
1020440100404,COTECAN OPTIMA 20K,1,84000
1020440100111,CROQ BROKATON COMPLET 20K,1,59000
1020440100112,CROQ BROKATON RUNNER 20K,1,82000
ACHEMB_001,JERRICAN 5 L BLANC,1,0
ACHEMB_002,SEAU RATICIDE BARAKI 3 KGS,1,0
ACHFRS001,Frais de transport,1,0
ACHAER039,Lockeed de frein,1,0
1020440100405,COTECAN OPTIMA JUNIOR 4KG,1,33125
1001020100304,AKITO FLC 1L,1,15000
ACHPUB008,Banderole,1,0
ACHPUB009,Plaque signal?tique,1,0
1020440100406,COTECAN OPTIMA JUNIOR 15K,1,110000
ACHPUB010,Flying banner,1,0
ACHFBU054,Scotch,1,0
1001104700037,SACHET INTERIEUR CMV 25 KG,1,0
1001104700038,SACHET INTERIEUR CMV 10 KG,1,0
1001100500001,BOITE VIDE COMPO,1,0
1001100500003,BOITE POUDREUSE K OTHRINE 500GR,1,0
1001100500004,BOITE RATICIDE BARAKI 240GR,1,0
1001100500005,BOITE LIMOXYL 400 GR,1,0
1003010201901,GRILLE A REINE,1,15000
1020110300602,STR 600 POWDER 1KG,1,71500
1020110200602,TRISOLIZIN 48% INJ,1,9250
1020660102002,BUTADIN INJ 100ML,1,7417.27
1020330100402,VITAMIN C INJ,1,6500
1020220201103,NITOXIL 25% INJ,1,17000
1003070100101,COLORANT BASIQUE CHRISOIDINE ORANGE 2 KG,1,20000
1003070100201,COLORANT BASIQUE AURAMINE O KG,1,25000
1003070100301,COLORANT BASIQUE VERT MALACHITE  KG,1,32000
1003070100401,COLORANT BASIQUE RHODAMINE KG,1,44000
1003070100501,COLORANT BASIQUE METHYL VIOLET BN 5 KG,1,35000
ACHAER040,Extincteur,1,0
ACHFIN013,Ordinateur complet,1,0
1001101700016,SACHET K-OTHRINE PP2 40 g,1,25
1.0205503008031E+017,Xxxxxxxxxxxxxxxxxxxxxxxxxxxxxxxxxxxxx,1,0
1020550300802,BOITE A INSTRUMENT INOX 30x12x6,1,113810
1020550206101,BROSSE ETRILLE CHIENS 2 FACES,1,24145
1020550206002,COUPE ONGLE CHIENS CISAILLE,1,21365
1020550206001,COUPE ONGLE CHIENS GUILLOTINE,1,24565
1020550203802,DEBECQUEUR AUTOMATIQUE,1,3674925
1020550205701,DETECTEUR DE CHALEURS KAMAR,1,141400
1020550203602,PESON A CADRAN PORTEE 50K,1,85695
1020550300608,PINCE A CASTRER INOX 23 CM,1,122800
1020550206301,TETE OSTER GOLDEN A5 1,1,123320
1020550206302,TETE OSTER GOLDEN A5 9MM,1,129300
1020550206202,TONDEUSE A MAIN TYPE COIFFEUR N?1,1,63885
1020550206201,TONDEUSE OSTER GOLDEN A5 1 VIT SANS TETE,1,455860
1020660100102,DIMINAT 30ML,1,0
1020330100602,ENVIT PLUS 100ML,1,0
1020660102004,SALPHEN 100ML,1,0
1020220201104,NITRIL 30ML,1,0
1020660102005,Xxxxxxxxxxxxxxxxxxxxx,1,0
1020110200603,TRIDOX 30ML,1,0
1020110200111,TYSIN-100 30ML,1,0
1020660102003,VETLIDE 50ML,1,0
1020660102301,VETOXY CAM-P 30ML,1,0
1020440101402,CMV POULET DE CHAIR 25K,1,171875
1020440101103,CMV VACHE LAITIERE 10K,1,0
1020440101202,CMV DEMARRAGE NUTRISTAR 25K,1,160750
1020440100801,CMV PONDEUSE NUTRISTAR 10K,1,0
1020440100805,CMV PONDEUSE NUTRISTAR 25K,1,143750
ACHEMB_003,Divers frais,1,0
1020440101502,CMV PORC NUTRISTAR 10K,1,0
1020440101503,CMV PORC NUTRISTAR 25K,1,123125
1020440101602,CMV PORCELET NUTRISTAR 25K,1,170000
1020660101804,SELEROL 1L,1,48240
1020660101802,STAR CARNITOL 5L,1,115650
1020660101803,STAR CARNITOL 20L,1,366500
1020660101805,STAR HYDRA T ,1,161300
1020660101806,STAR TONIC 1L,1,29550
1020660101807,STAR TONIC 5L,1,125275
1020550205801,MUSELIERE CH CUIR REGL,1,135350
1020660101808,STAR HYDRA L 5L,1,123250
1020550201703,CAGE A POULET EN BATTERIE,1,976800
1020550300803,BOITE A INSTRUMENT INOX 25x10x5,1,89450
ACHDIV002,Documentation,1,0
ACHFBU055,Porte badge en PVC,1,0
ACHAER041,V?hicule,1,0
1002060100106,K-OTHRINE PP2 40gr,1,1200
1001101200009,SEAU FANDROSOANA 2L,1,1500
ACHFBU056,Timbre (cachet),1,0
ACHOUT052,Thermoscelleuse (machine soude-sachet),1,0
1003070100102,COLORANT BASIQUE CHISOIDINE ORANGE 2 EN SACHET DE 1KG,1,25000
1003070100202,COLORANT BASIQUE AURAMINE O EN SACHETS DE 1KG,1,30000
1003070100302,COLORANT BASIQUE VERT MALACHITE EN SACHET DE 1KG,1,38000
1003070100402,COLORANT BASIQUE RHODAMINE EN SACHET DE 1KG,1,50000
1003070100502,COLORANT BASIQUE METHYL VIOLET BN EN 5 EN SACHET DE 1KG,1,42000
ACHAER042,Avertisseur,1,0
ACHEMB_004,Sac cabas blanc avec logo,1,0
ACHDIV003,Chambre froide,1,0
1003060101403,GELCOAT NATURE enKG,1,13500
1003060101301,TEINTE NOIR OPAQUE enKG,1,25000
1001080300502,OIGNON RED CREOLE BOITE 100G,1,24000
1001100200006,FUT VIDE PLASTIQUE 250L,1,80000
1020660201401,VACCIN EGG DROP SYNDROME 1000 DOSES,1,130500
1020220200902,VERMIZOLE,1,0
1020550201704,PLASTIC FEED TROUGH 4M,1,0
1020550201705,PLATIC WATER TANK,1,0
1020220100701,ACARITEC SAC 20K,1,0
1003010300901,SIROP DE GLUCOSE 85%,1,6000
1003010301001,TRIPOLYPHOSPHATE DE SODIUM,1,6000
1001050100702,NPK 12 12 17 MGO EN SAC DE 10KG,1,1900
1001050200103,UREE AGRIVET SAC DE 9,1,1600
1020330301502,AMINOVITAL POWDER 1KG,1,39750
1020330301501,AMINOVITAL POWDER 100G,1,4250
1002020101001,LEXAN ANTI MOUCHE 400G,1,60000
1002020100901,DEMAND CS 500ML,1,0
1002070100201,TERMIDOR SC 200ML,1,0
1002020101101,ACTIBIOL IGR FLOW 500ML,1,0
1003030100301,PARAFFINE SEMI RAFFINEE 58/60?,1,6000
1001100100027,ETIQUETTE CMV POULETTE NUTRISTAR,1,0
1001104100031,SAC SEMENCES RIZ 40*40,1,0
1001104100032,SAC SEMENCES MAIS 40*40,1,0
1001100400002,BOUTEILLE PLASTIQUE BLANCHE 1L,1,0
1020220100802,TIKKIL SOLUTION 50ML,1,0
1020220200903,IVERMECTIN 10MG TABLETS,1,0
1020220200303,PRAZITAL FORTE TABLET,1,0
1020550300215,SERINGUE REGLABLES 10ML,1,0
1020550300216,SERINGUE REGLABLES 20ML,1,0
1020660101809,SODIAZOT 100ML,1,0
1020110200121,SODIBIO 100ML,1,0
1020220100801,TIKKIL POWDER 5G,1,0
1001100100028,ETIQUETTE CARNITOL FORMAT 29,1,0
1001080400100,SEMENCES RIZ X265 (SAC DE 5KG) EN VRAC,1,2000
1001080400200,SEMENCES RIZ LANIERA (SAC DE 5KG) EN VRAC,1,2000
1001080400300,SEMENCES MA?S IRAT 200 (SAC DE 5KG) EN VRAC,1,2000
1020330100502,CALMAG D 450ML,1,0
1020660101810,STAR CARNITOL 1L,1,24000
1003010100402,ACIDE CITRIQUE EN SACHET 1KG,1,6000
1003050101301,GALET DE CHLORE MULTIFONCTION 5KG,1,60000
1003050101401,BROME 4 FONCTIONS 5KG,1,120000
1003050100302,SULFATE D'ALUMINE ECAILLE EN KG,1,950
1003060101501,ROVING 600 EN KG,1,11500
1003050101302,GALET DE CHLORE MULTIFONCTION 1KG,1,20000
ACHDIV004,Achat divers,1,0
ACHLAB001,Mat?riel de laboratoire,1,0
ACHMIN005,Bo?te d'alimentation,1,0
ACHMIN006,Ventilateur pour ordinateur,1,0
1001010100401,RIFOR 500EC EN L (BD 5LTR),1,20000
ACHEMB_005,Carton simple,1,0
ACHAER043,Divers pi?ces automobile,1,0
1001080400400,SEMENCES MA?S HYB JAUNE PAN12 (SAC DE 25KG) EN KILO,1,8000
1001080400401,SEMENCES MA?S HYB JAUNE PAN12 (SAC DE 5KG) EN KILO,1,8125
1001080400500,SEMENCES MA?S HYB BLANC PAN53 (SAC DE 25KG) EN KILO,1,8000
1001080400501,SEMENCES MA?S HYB BLANC PAN53 (SAC DE 5KG) EN KILO,1,8125
1001080400600,SEMENCES MA?S BLANC PAN4M-19 (SAC DE 25KG) EN KILO,1,7000
1001080400601,SEMENCES MA?S BLANC PAN4M-19 (SAC DE 5KG) EN KILO,1,0
1001080400700,SEMENCES SOJA PAN1867 (SAC DE 25KG) EN KILO,1,7000
1001080400800,SEMENCES SORGHO PAN8816 (SAC DE 25KG) EN KILO,1,12500
1003010401101,FERMENT LACTIQUE KAPPA 1DL 3.5,1,0
1003010401001,FERMENT LACTIQUE IOTA DL3.5,1,0
1003010400102,PRESURE BEAUGEL BTE 60GR,1,0
ACHSRV013,Livraison colis,1,0
