<?xml version="1.0"?>
<!--
#
#    OpenERP - Account balance reporting engine
#    Copyright (C) 2009 Pexego Sistemas Informáticos. All Rights Reserved
#    $Id$
#
#    This program is free software: you can redistribute it and/or modify
#    it under the terms of the GNU General Public License as published by
#    the Free Software Foundation, either version 3 of the License, or
#    (at your option) any later version.
#
#    This program is distributed in the hope that it will be useful,
#    but WITHOUT ANY WARRANTY; without even the implied warranty of
#    MERCHANTABILITY or FITNESS FOR A PARTICULAR PURPOSE.  See the
#    GNU General Public License for more details.
#
#    You should have received a copy of the GNU General Public License
#    along with this program.  If not, see <http://www.gnu.org/licenses/>.
#
-->
<!--
Views for the account balance reports and its lines.

Author: Borja López Soilán (Pexego) - borjals@pexego.es
-->
<openerp>
    <data>


        <!--**** Report views ***********************************************-->

        <!-- Report form view -->
        <record model="ir.ui.view" id="view_account_balance_reporting_form">
            <field name="name">account.balance.reporting.form</field>
            <field name="model">account.balance.reporting</field>
            <field name="type">form</field>
            <field name="arch" type="xml">
                <form string="Account balance report">
                    <field name="name" select="1"/>
                    <notebook>
                        <page string="Configuration">
                            <group string="Parameters" colspan="4">
                                <group colspan="4">
                                    <field name="company_id" select="1"/>
                                    <field name="template_id" select="1"/>
                                </group>
                                <group colspan="4">
                                    <group string="Fiscal year 1" colspan="2">
                                        <field name="current_fiscalyear_id" select="2" colspan="4" nolabel="1"/>
                                        <field name="current_period_ids" colspan="4" nolabel="1" domain="[('fiscalyear_id','=',current_fiscalyear_id)]"/>
                                    </group>
                                    <group string="Fiscal year 2" colspan="2">
                                        <field name="previous_fiscalyear_id" colspan="4" nolabel="1"/>
                                        <field name="previous_period_ids" colspan="4" nolabel="1" domain="[('fiscalyear_id','=',previous_fiscalyear_id)]"/>
                                    </group>
                                </group>
                            </group>
                            <group string="State" colspan="4">
                                <field name="state" select="2" readonly="1"/>
                                <field name="calc_date" select="2" readonly="1"/>
                            </group>
                            <group colspan="4">
                                <!-- <button name="calculate" string="Calculate" states="draft"/> -->
                                <button name="%(wiz_account_balance_reporting_calculate)d" type="action" string="Calculate" states="draft" icon="gtk-execute"/>
                                <button name="confirm" string="Confirm" states="calc_done" icon="gtk-apply"/>
                                <button name="cancel" string="Cancel" states="calc_done,done" icon="gtk-cancel"/>
								<button name="action_recover" string="Draft" type="object" states="canceled" icon="gtk-undo"/>
                            </group>
                        </page>
                        <page string="Lines">
                            <field name="line_ids" nolabel="1" context="{'report_id':active_id}">
                                <tree string="Report lines" editable="bottom"
                                        colors="blue:css_class in ('l1')">
                                    <field name="code" select="1" colspan="1"/>
                                    <field name="name" select="1" colspan="2"/>
                                    <field name="notes" colspan="4"/>
                                    <field name="current_value" colspan="2"/>
                                    <field name="previous_value" colspan="2"/>
                                    <field name="report_id" invisible="1"/>
                                    <field name="parent_id" select="1" colspan="1" domain="[('report_id','=',report_id)]"/>
                                    <field name="sequence" select="1" colspan="1"/>
                                    <field name="css_class" select="1" colspan="1"/>
                                </tree>
                                <form string="Report line">
                                    <group colspan="4">
                                        <field name="code" select="1" colspan="1"/>
                                        <field name="name" select="1" colspan="3"/>
                                    </group>
                                    <group colspan="4">
                                        <field name="report_id" select="1"/>
                                        <field name="parent_id" select="1" domain="[('report_id','=',report_id)]"/>
                                    </group>
                                    <group string="Values" colspan="4">
                                        <field name="notes" colspan="4"/>
                                        <field name="current_value" colspan="2"/>
                                        <field name="previous_value" colspan="2"/>
                                    </group>
                                    <group string="Style" colspan="4">
                                        <field name="sequence" colspan="1"/>
                                        <field name="css_class" colspan="1"/>
                                    </group>
                                </form>
                            </field>
                        </page>
                    </notebook>
                </form>
            </field>
        </record>

        <!-- Report tree view -->
        <record model="ir.ui.view" id="view_account_balance_reporting_tree">
            <field name="name">account.balance.reporting.tree</field>
            <field name="model">account.balance.reporting</field>
            <field name="type">tree</field>
            <field name="arch" type="xml">
                <tree string="Account balance reports">
                    <field name="name" select="1"/>
                    <field name="company_id" select="1"/>
                    <field name="template_id" select="2" colspan="4"/>
                    <field name="current_fiscalyear_id" select="1"/>
                    <field name="previous_fiscalyear_id" select="2"/>
                    <field name="state" colspan="4" select="2"/>
                </tree>
            </field>
        </record>


        <!--*** Report lines views ******************************************-->

        <!-- Report line form view -->
        <record model="ir.ui.view" id="view_account_balance_reporting_line_form">
            <field name="name">account.balance.reporting.line.form</field>
            <field name="model">account.balance.reporting.line</field>
            <field name="type">form</field>
            <field name="arch" type="xml">
                <form string="Account balance report line">
                    <group colspan="4">
                        <field name="code" select="1" colspan="1"/>
                        <field name="name" select="1" colspan="3"/>
                    </group>
                    <group colspan="4">
                        <field name="report_id" select="1"/>
                        <field name="parent_id" select="1"/>
                    </group>
                    <group string="Values" colspan="4">
                        <field name="current_value" colspan="2"/>
                        <field name="previous_value" colspan="2"/>
                    </group>
                    <group string="Style" colspan="4">
                        <field name="sequence" colspan="1"/>
                        <field name="css_class" colspan="1"/>
                    </group>
                </form>
            </field>
        </record>

        <!-- Line tree view -->
        <record model="ir.ui.view" id="view_account_balance_reporting_line_tree">
            <field name="name">account.balance.reporting.line.tree</field>
            <field name="model">account.balance.reporting.line</field>
            <field name="type">tree</field>
            <field name="arch" type="xml">
                <tree string="Account balance report lines">
                    <field name="sequence" select="1" colspan="1"/>
                    <field name="code" select="1"/>
                    <field name="name" select="1"/>
                    <field name="report_id" select="1"/>
                    <field name="parent_id" select="1"/>
                    <field name="sequence" select="1" colspan="1"/>
                    <field name="css_class" select="1" colspan="1"/>
                </tree>
            </field>
        </record>


        <!--*** Menus and windows *******************************************-->

        <record model="ir.actions.act_window" id="action_view_account_balance_reporting">
            <field name="name">Account balance reports</field>
            <field name="type">ir.actions.act_window</field>
            <field name="res_model">account.balance.reporting</field>
            <field name="view_type">form</field>
			<field name="view_mode">tree,form</field>
            <field name="view_id" ref="view_account_balance_reporting_tree"/>
        </record>

        <menuitem id="menu_account_balance_reporting"
                name="Account balance reports"
                parent="account.menu_finance_legal_statement"/>
        
        <menuitem id="menu_account_balance_reporting_reports"
                name="Reports"
                parent="menu_account_balance_reporting"
                action="action_view_account_balance_reporting"/>

    </data>
</openerp>
